inference,iteration,duration,topic,likelihood
null,1,19.587,15,-66327.8
null,2,23.7219,17,-64421.6
null,3,24.4754,16,-62607.8
null,4,24.0817,15,-60717.5
null,5,23.7755,15,-59286.1
null,6,23.0016,15,-57745.6
null,7,24.1384,14,-56969.1
null,8,23.9188,14,-56428.1
null,9,23.7477,14,-55763.3
null,10,24.3725,13,-55344.3
null,11,22.8531,13,-54884.3
null,12,24.5644,14,-54534.4
null,13,22.6634,13,-54183.5
null,14,22.3304,13,-54303.6
null,15,22.9791,15,-54168.2
null,16,23.6346,14,-54028.3
null,17,23.5085,15,-53942.4
null,18,25.0816,13,-53909.7
null,19,21.8751,12,-53938.4
null,20,21.7224,12,-53979.8
null,21,22.81,12,-53931.9
null,22,28.8035,12,-53888.1
null,23,28.281,13,-53674.3
null,24,24.0986,12,-53872.9
null,25,21.9851,12,-53705.4
null,26,20.3953,12,-53874.9
null,27,21.2148,12,-53903.8
null,28,20.5548,12,-53908.7
null,29,22.4714,13,-53912.8
null,30,22.195,12,-53814.2
null,31,22.2106,13,-53834.4
null,32,22.9077,13,-53867.5
null,33,21.402,12,-53911.1
null,34,21.2298,13,-53919.6
null,35,21.6775,12,-53880.1
null,36,21.6255,13,-53864.5
null,37,20.6886,11,-53663.7
null,38,18.8544,11,-53622.8
null,39,17.9344,11,-53817.2
null,40,18.8057,11,-53895.2
null,41,18.8065,11,-53824.1
null,42,19.6637,10,-53714
null,43,17.9099,10,-53616.8
null,44,18.7112,10,-53760.8
null,45,18.0915,10,-53770.7
null,46,19.2862,11,-53905.1
null,47,19.4805,12,-53834.7
null,48,16.1245,12,-53932.8
null,49,14.841,11,-53831.3
null,50,15.4344,13,-53891
null,51,15.0833,11,-53861.5
null,52,14.4247,11,-53842.4
null,53,13.83,10,-54038.7
null,54,14.0765,10,-53853.9
null,55,14.1073,11,-53830
null,56,16.7773,10,-53826.4
null,57,15.6092,10,-53896.6
null,58,13.3518,10,-53967.1
null,59,13.7781,10,-53853.5
null,60,13.4028,10,-53799.2
null,61,13.6301,10,-53858.1
null,62,14.2442,11,-53960.7
null,63,13.7801,10,-53902.4
null,64,13.8535,11,-53907.5
null,65,14.3287,10,-53877.2
null,66,14.561,10,-53922.7
null,67,14.0837,11,-53899.5
null,68,14.6774,11,-53837.2
null,69,14.4437,11,-53790.9
null,70,15.1843,10,-53933.4
null,71,13.9558,10,-53827.3
null,72,14.4867,10,-53902.2
null,73,14.2786,11,-53762.2
null,74,14.3458,10,-53678.8
null,75,14.5436,10,-53739.7
null,76,14.3312,10,-53784.5
null,77,16.8749,11,-53797.3
null,78,14.3515,11,-53812.3
null,79,14.4336,11,-53807.8
null,80,13.9724,10,-53663.6
null,81,14.3867,10,-53612.6
null,82,13.8803,10,-53661
null,83,14.443,10,-53804.7
null,84,13.9272,10,-53722.8
null,85,14.6033,10,-54023.5
null,86,14.082,10,-53827.3
null,87,14.2139,11,-53893.9
null,88,14.1687,10,-53957
null,89,13.8289,10,-53881.2
null,90,13.3963,10,-53938.1
null,91,14.6559,11,-54010.8
null,92,13.9788,10,-54082.2
null,93,13.9629,10,-54050.1
null,94,13.6776,11,-53992
null,95,14.1196,10,-54087.7
null,96,14.6674,11,-54099.6
null,97,13.9862,11,-53938.7
null,98,14.9279,11,-53981.9
null,99,14.2192,11,-53971.3
null,100,14.8697,12,-53896.6
null,101,14.4545,11,-53999.2
null,102,14.3276,12,-54072.6
null,103,14.088,12,-54217.1
null,104,14.7345,12,-54034.3
null,105,13.4787,11,-54075.1
null,106,13.712,10,-54148.4
null,107,12.829,10,-54131.2
null,108,12.9196,10,-54034.4
null,109,12.6956,11,-54023.7
null,110,13.3514,12,-53946.1
null,111,13.7714,12,-53969.7
null,112,13.5634,10,-53921.7
null,113,13.2573,10,-54071.4
null,114,12.7943,10,-53931.7
null,115,13.7634,11,-53907
null,116,13.7982,11,-53880.9
null,117,12.8738,11,-53777.8
null,118,13.9506,11,-53654.1
null,119,13.0324,10,-53743.6
null,120,13.7795,11,-53747.1
null,121,14.0468,11,-53756.7
null,122,13.0785,11,-53920.1
null,123,14.2316,12,-54030.3
null,124,13.2511,11,-54052.8
null,125,14.3289,11,-54171.3
null,126,13.7041,11,-53913.7
null,127,14.2646,12,-53844.9
null,128,13.4425,12,-53976.8
null,129,14.1006,11,-54068.3
null,130,13.2843,11,-53984.5
null,131,13.5664,11,-54063.4
null,132,13.0653,11,-54051.4
null,133,13.3796,11,-53923.4
null,134,13.0241,11,-53813
null,135,12.8631,11,-54030.5
null,136,13.5446,11,-54035
null,137,13.9674,12,-54190.9
null,138,13.2192,11,-54012.2
null,139,13.9225,13,-54014.8
null,140,14.5189,11,-54088.1
null,141,13.8911,11,-54140.1
null,142,13.2267,12,-54106.5
null,143,13.492,12,-54252.7
null,144,14.3228,12,-54014
null,145,13.5453,12,-53931.5
null,146,14.6443,13,-54006.1
null,147,13.9883,10,-53792.8
null,148,13.6144,11,-53674.9
null,149,13.184,10,-53705.2
null,150,13.189,10,-53936.9
null,151,12.7359,10,-53883.4
null,152,13.0763,10,-53974.7
null,153,13.2254,11,-53963.7
null,154,12.9861,10,-53853.7
null,155,13.0679,10,-53832.4
null,156,13.5074,11,-54032.3
null,157,13.5423,12,-54004.3
null,158,13.1707,11,-53836.8
null,159,13.4056,11,-53845.1
null,160,13.3611,12,-53744.1
null,161,13.7926,13,-53859.1
null,162,13.6627,12,-53774
null,163,13.8192,12,-53725.5
null,164,13.1572,12,-53739.8
null,165,13.8649,12,-53697.4
null,166,13.3296,11,-53774.5
null,167,13.2925,11,-53783.1
null,168,13.0374,13,-53843.4
null,169,13.6108,11,-53888
null,170,13.7999,12,-53879.7
null,171,14.5033,14,-53992.6
null,172,14.1867,12,-53813.3
null,173,13.4434,12,-53615.8
null,174,13.9175,13,-53671.9
null,175,13.8064,12,-53808.7
null,176,13.6885,12,-53755.8
null,177,13.428,11,-53786.5
null,178,13.5198,11,-53808.5
null,179,13.3664,11,-53631.4
null,180,13.4947,11,-53687.6
null,181,12.8313,11,-53693.3
null,182,14.0792,12,-53675.8
null,183,13.8916,11,-53745.4
null,184,14.5309,12,-53740.7
null,185,14.4745,11,-53890.4
null,186,16.2753,11,-53776.3
null,187,17.9177,13,-53877.9
null,188,18.7801,12,-54082
null,189,18.7976,11,-54024.4
null,190,16.3325,11,-54049.2
null,191,15.7383,13,-54102.2
null,192,19.2301,15,-54017
null,193,19.5653,12,-53999.5
null,194,23.3016,12,-54031.1
null,195,22.8263,14,-54126.8
null,196,19.3234,12,-54057.2
null,197,18.7999,12,-54054.7
null,198,16.1705,13,-53946.4
null,199,15.6782,11,-53980.8
null,200,15.6837,11,-53845.8
null,201,15.1193,13,-53925.8
null,202,16.7962,12,-54030.2
null,203,15.2065,12,-54005.8
null,204,16.5403,14,-54056.3
null,205,15.9129,13,-53932.5
null,206,15.1999,12,-53946.4
null,207,15.5077,12,-53945.9
null,208,14.9206,12,-53903.9
null,209,15.8338,12,-53994.9
null,210,15.6389,13,-54103.5
null,211,16.8192,12,-54033.9
null,212,15.1819,12,-53888.9
null,213,16.2822,14,-54046.1
null,214,17.6366,15,-54039
null,215,16.9666,13,-53972.4
null,216,16.5144,12,-53985.1
null,217,15.3044,12,-54024.2
null,218,16.0404,12,-54151
null,219,16.0341,11,-53931.8
null,220,14.317,11,-53827.9
null,221,15.9289,12,-53857.4
null,222,15.4832,11,-53831.5
null,223,15.3486,12,-53869.6
null,224,15.2235,11,-53849
null,225,15.2755,12,-53891.2
null,226,16.0905,12,-53807.5
null,227,18.1121,12,-53913.6
null,228,15.9359,13,-54015.2
null,229,15.8374,13,-54005.7
null,230,17.2332,13,-53814.7
null,231,15.9695,12,-53828.7
null,232,16.101,12,-53867.9
null,233,15.504,12,-53892.8
null,234,14.9594,11,-53920.5
null,235,15.2131,11,-53772.6
null,236,14.9597,11,-53820
null,237,15.7979,12,-53882.5
null,238,15.7918,11,-53862.5
null,239,16.862,11,-53894.5
null,240,14.9035,11,-53874.1
null,241,15.0732,12,-53944.1
null,242,15.1242,11,-53757.1
null,243,13.9473,11,-53702.2
null,244,14.9293,12,-53757.1
null,245,14.8391,13,-53789.2
null,246,15.4728,13,-53843
null,247,16.066,13,-53986.9
null,248,15.7931,16,-53877.8
null,249,17.5297,14,-54030.5
null,250,15.8956,13,-53936.7
null,251,15.7295,12,-53969.2
null,252,16.1062,13,-53997.2
null,253,16.8213,13,-54059.9
null,254,16.5154,12,-54089.7
null,255,15.7879,12,-54163.7
null,256,15.754,10,-54078.7
null,257,15.2998,10,-54073.7
null,258,13.7742,10,-54042.6
null,259,14.9452,11,-53913.4
null,260,14.2779,10,-53914.6
null,261,14.8122,11,-54118.8
null,262,14.9757,12,-53999.2
null,263,14.7054,10,-53891.2
null,264,14.6533,11,-53974.8
null,265,15.4965,11,-53828.7
null,266,15.3536,12,-53942.2
null,267,15.7505,12,-53936.7
null,268,14.6288,11,-53887.7
null,269,14.6886,10,-53657.8
null,270,14.6372,11,-53659.9
null,271,14.4046,12,-53599.9
null,272,13.7343,10,-53755.5
null,273,14.2477,12,-53784.6
null,274,13.7964,10,-53823.7
null,275,13.1189,10,-53883.2
null,276,13.9941,12,-53889
null,277,14.0036,11,-53861.1
null,278,14.4246,11,-53902.8
null,279,13.1904,12,-53831.9
null,280,13.318,11,-53938
null,281,13.3038,11,-53764.5
null,282,13.1548,11,-53797.8
null,283,12.6003,10,-53678.6
null,284,12.738,10,-53847.7
null,285,12.9456,11,-54061
null,286,13.0867,11,-54162.3
null,287,12.869,11,-54169.3
null,288,13.4485,11,-53988.4
null,289,12.844,11,-54003.3
null,290,13.0598,11,-53875.8
null,291,12.7989,10,-54031.8
null,292,13.2057,11,-53965
null,293,13.522,10,-53937.1
null,294,14.2606,10,-54001.8
null,295,13.1781,10,-53895.4
null,296,13.7221,10,-53961.3
null,297,14.7331,13,-53853.2
null,298,14.2002,12,-53967.6
null,299,14.3737,12,-54145.6
null,300,14.5413,12,-54039.2
null,301,13.6882,12,-54021.5
null,302,14.0999,11,-54039.1
null,303,13.5372,11,-54189.5
null,304,14.8943,12,-54097.2
null,305,14.3767,12,-53991.3
null,306,14.0018,11,-54028.5
null,307,14.1875,11,-53950.1
null,308,13.3819,10,-53843.2
null,309,13.383,11,-53853.1
null,310,13.3586,10,-53707.3
null,311,13.6382,10,-53677.4
null,312,13.4375,11,-53639.2
null,313,13.2854,10,-53755.6
null,314,13.5899,11,-53757.4
null,315,13.7836,11,-53920.1
null,316,13.2607,10,-53991.1
null,317,15.0927,13,-53801
null,318,14.6588,11,-53872.1
null,319,14.8806,11,-53972.3
null,320,13.1027,10,-54018.4
null,321,13.2294,11,-54028.1
null,322,13.0823,10,-53961.4
null,323,13.2114,10,-54056.2
null,324,12.2497,10,-53990.9
null,325,13.6085,10,-53947.7
null,326,13.523,10,-54097.5
null,327,14.2599,11,-54012.2
null,328,13.3275,10,-53944.9
null,329,13.3512,11,-53984.1
null,330,13.1144,10,-53811.5
null,331,13.8807,11,-53866.3
null,332,13.0306,10,-53901.8
null,333,13.1753,10,-53871.2
null,334,13.1382,10,-53807.3
null,335,13.2126,11,-53831.1
null,336,13.9509,10,-53877
null,337,14.6956,12,-53854.9
null,338,15.1118,13,-53939.8
null,339,15.0377,10,-53827.5
null,340,13.2507,11,-53868.1
null,341,12.82,10,-53829.8
null,342,13.5661,13,-54051
null,343,14.696,12,-53996.8
null,344,14.3447,10,-54015.6
null,345,12.7754,10,-53962.5
null,346,12.7457,10,-53736.6
null,347,13.4866,10,-53798.8
null,348,12.7251,10,-53775.7
null,349,13.8927,10,-53859.2
null,350,13.426,11,-53919.5
null,351,12.7705,11,-54073.8
null,352,13.4213,10,-53886.2
null,353,12.6998,10,-53985.6
null,354,12.848,11,-53876.7
null,355,13.2111,11,-53888.6
null,356,13.4258,11,-53866.9
null,357,13.6166,10,-53914.5
null,358,12.88,10,-53941.1
null,359,12.4987,10,-53843.7
null,360,12.699,10,-53746.6
null,361,12.3851,10,-53826.7
null,362,12.9592,10,-53616.6
null,363,12.3832,10,-53731.5
null,364,13.0534,11,-53758.8
null,365,12.7394,11,-53808.5
null,366,13.2316,11,-53864.5
null,367,12.9347,10,-53911.3
null,368,12.7308,10,-53969.8
null,369,13.0309,11,-53858
null,370,13.0128,11,-53992
null,371,13.1487,11,-53905.7
null,372,13.7841,13,-53949.9
null,373,14.5921,13,-53715.7
null,374,13.6275,11,-53915.4
null,375,13.508,11,-53792.2
null,376,12.8953,10,-53680.6
null,377,13.2722,11,-53649.1
null,378,12.621,10,-53669.4
null,379,12.929,12,-53783.8
null,380,14.5013,13,-53852.7
null,381,13.6233,11,-53792.6
null,382,13.6808,10,-53973.8
null,383,12.2427,10,-53939.7
null,384,13.1066,11,-54019.3
null,385,13.283,12,-53985.1
null,386,14.5181,12,-53878.7
null,387,14.4899,12,-53952.8
null,388,14.0221,11,-54035.6
null,389,13.5796,12,-53918.4
null,390,14.4222,13,-53893.3
null,391,14.4185,14,-53964.6
null,392,14.12,13,-53764
null,393,14.2715,12,-53934.8
null,394,13.8217,12,-53954.2
null,395,14.5202,12,-53954.2
null,396,14.2367,11,-53921.6
null,397,14.2005,12,-53916.1
null,398,13.6904,12,-54102.9
null,399,13.8789,11,-54007.8
null,400,14.412,11,-53857.1
null,401,14.3723,14,-53667.7
null,402,16.1965,12,-53757
null,403,14.7168,13,-53863.5
null,404,14.9472,12,-54049.5
null,405,14.2191,11,-53991
null,406,13.7589,10,-53932
null,407,12.6361,10,-53765.5
null,408,13.8288,10,-53828.5
null,409,12.5932,10,-53720.2
null,410,13.6785,10,-53755.6
null,411,13.7531,11,-53818
null,412,11.9298,10,-54016.4
null,413,11.771,11,-54034.8
null,414,11.6003,12,-53946.9
null,415,11.6433,12,-53954.8
null,416,12.2422,10,-53969.2
null,417,10.8399,10,-53907.4
null,418,11.7304,10,-54062.3
null,419,11.1101,11,-53824.5
null,420,11.8706,12,-53813.3
null,421,11.5974,10,-53804.9
null,422,11.9922,12,-53773.6
null,423,11.9796,10,-53770.1
null,424,11.4463,11,-53871.2
null,425,11.5783,13,-53935.7
null,426,12.9591,14,-54174.8
null,427,13.3506,14,-53973.3
null,428,12.4962,12,-53958.9
null,429,12.4021,12,-53956.4
null,430,11.8063,12,-53844.6
null,431,12.1368,12,-53863.6
null,432,11.9478,12,-54090.9
null,433,12.2587,13,-54131.5
null,434,12.7416,11,-54078.7
null,435,12.6423,11,-54081.6
null,436,11.3409,10,-54037.1
null,437,11.264,10,-54088.4
null,438,10.9871,10,-54130.9
null,439,11.6842,11,-53852.1
null,440,11.6618,10,-53986.6
null,441,11.9921,11,-54175.6
null,442,11.4239,10,-54083
null,443,11.6543,10,-54139.6
null,444,10.8826,10,-54062.9
null,445,11.8914,12,-54133
null,446,12.8996,13,-54164.1
null,447,12.0091,10,-54016.7
null,448,11.3853,10,-54083.2
null,449,10.7614,10,-54017.6
null,450,11.2347,10,-54035
null,451,10.8787,10,-54072
null,452,11.6932,11,-54106.7
null,453,11.434,10,-54056.2
null,454,11.6248,11,-54007.7
null,455,11.8902,12,-53982.6
null,456,11.8519,11,-54035.5
null,457,11.9611,10,-54031.6
null,458,11.8723,11,-53842.7
null,459,11.7473,12,-54033.1
null,460,12.0767,12,-54191.7
null,461,12.2367,11,-54114.6
null,462,11.0753,10,-54138.5
null,463,11.4057,10,-54118.4
null,464,10.9149,10,-54059.5
null,465,11.3846,10,-53950.5
null,466,11.9354,12,-53979.7
null,467,11.6539,10,-53831.9
null,468,11.3847,10,-54047.9
null,469,11.7647,11,-54196.5
null,470,11.6173,13,-54068.5
null,471,12.0089,12,-53984.8
null,472,12.2436,10,-53979.3
null,473,10.6996,10,-53995.3
null,474,11.3448,10,-53965.8
null,475,10.7117,10,-53968.8
null,476,11.3495,10,-54063.5
null,477,11.4414,10,-53969.7
null,478,12.0286,10,-53902.4
null,479,11.9066,11,-53980.4
null,480,11.4082,10,-53816.9
null,481,11.7697,11,-53900.7
null,482,11.4321,11,-53916.3
null,483,12.3158,11,-53953.8
null,484,11.5269,11,-53758
null,485,11.6098,11,-53904
null,486,10.8682,11,-53834.9
null,487,11.8011,11,-53973.9
null,488,11.5795,13,-53922.3
null,489,12.0933,10,-53741.5
null,490,12.3151,12,-53879.2
null,491,12.3119,11,-53941.7
null,492,10.8854,11,-53878.2
null,493,12.0154,11,-53823.1
null,494,10.9709,12,-53764.9
null,495,10.7838,13,-53769.4
null,496,9.86926,11,-53614
null,497,9.4561,11,-53735.6
null,498,9.28387,10,-53749.5
null,499,9.31858,10,-53890.1
null,500,9.60267,11,-53869
com_resam,1,19.8245,15,-66327.8
com_resam,2,23.605,17,-64421.6
com_resam,3,24.5151,16,-62607.8
com_resam,4,23.8484,15,-60717.5
com_resam,5,23.6894,15,-59286.1
com_resam,6,22.8872,15,-57745.6
com_resam,7,24.1081,14,-56969.1
com_resam,8,23.9942,14,-56428.1
com_resam,9,23.6244,14,-55763.3
com_resam,10,26.6404,13,-55344.3
com_resam,11,23.7034,13,-55088.7
com_resam,12,23.0335,12,-54707.8
com_resam,13,21.8931,12,-54637.3
com_resam,14,20.7148,12,-54234.2
com_resam,15,21.5793,13,-54315.9
com_resam,16,22.8349,13,-54283.8
com_resam,17,22.0456,12,-54016.3
com_resam,18,23.5793,14,-54207.7
com_resam,19,22.8807,14,-54186.5
com_resam,20,26.0414,12,-54005.8
com_resam,21,24.1876,13,-54059.3
com_resam,22,29.055,13,-53999.1
com_resam,23,29.295,15,-53869.5
com_resam,24,27.7072,15,-53941.7
com_resam,25,24.2581,14,-53823.4
com_resam,26,21.7353,13,-53968.2
com_resam,27,22.1909,13,-53938.5
com_resam,28,22.908,14,-54015.3
com_resam,29,23.9219,14,-53954.3
com_resam,30,24.0308,14,-53994.5
com_resam,31,22.1657,13,-53936.8
com_resam,32,22.0815,12,-53861.7
com_resam,33,20.5058,12,-53971.4
com_resam,34,22.5054,13,-53977.3
com_resam,35,21.3177,11,-53954.9
com_resam,36,20.6968,12,-54121.3
com_resam,37,19.4375,11,-54197.3
com_resam,38,18.247,10,-54172.2
com_resam,39,18.172,11,-54277.9
com_resam,40,20.0713,10,-54035.6
com_resam,41,18.2701,10,-53818.5
com_resam,42,18.8382,10,-53906.1
com_resam,43,18.7383,11,-53803
com_resam,44,18.7608,10,-53912.7
com_resam,45,19.0402,10,-53920.6
com_resam,46,17.9546,11,-54087.5
com_resam,47,15.7649,10,-54098
com_resam,48,14.4368,10,-54071
com_resam,49,13.9974,10,-54116.3
com_resam,50,15.7637,10,-54014.9
com_resam,51,13.8082,11,-53874.2
com_resam,52,13.5436,10,-53897.9
com_resam,53,13.9961,10,-53834.7
com_resam,54,13.3302,10,-53792.7
com_resam,55,14.5567,10,-53863.7
com_resam,56,16.7194,10,-54057.9
com_resam,57,14.6541,10,-53781
com_resam,58,13.3604,10,-53753.2
com_resam,59,14.0838,12,-53732.8
com_resam,60,15.1325,10,-53958.8
com_resam,61,13.0842,10,-53847.8
com_resam,62,14.2435,12,-53982.4
com_resam,63,13.9975,11,-53985
com_resam,64,14.4303,11,-54044.5
com_resam,65,14.212,10,-54104.1
com_resam,66,14.1891,10,-54038.8
com_resam,67,14.0384,10,-53999
com_resam,68,14.8496,11,-54016.1
com_resam,69,15.343,12,-53923.6
com_resam,70,17.7409,10,-53947
com_resam,71,14.8534,11,-53957.6
com_resam,72,14.3357,10,-53917.9
com_resam,73,14.6695,10,-53845.5
com_resam,74,13.763,10,-53728.3
com_resam,75,14.338,10,-53734.2
com_resam,76,16.1271,11,-53600.9
com_resam,77,14.8501,11,-53645.6
com_resam,78,13.8771,10,-53675.7
com_resam,79,14.3862,11,-53766.5
com_resam,80,15.1915,10,-53848.5
com_resam,81,13.9887,10,-53777.9
com_resam,82,14.7683,11,-53812.2
com_resam,83,14.5531,12,-53847.2
com_resam,84,16.1558,13,-53771.6
com_resam,85,15.3686,11,-53790.6
com_resam,86,14.3832,11,-53839.1
com_resam,87,13.6705,10,-53767.5
com_resam,88,13.6878,10,-53928.8
com_resam,89,13.1884,10,-54079.9
com_resam,90,15.0564,10,-53826.5
com_resam,91,13.7217,10,-53883.8
com_resam,92,13.3609,10,-53746.4
com_resam,93,13.6419,10,-53857.4
com_resam,94,13.9059,11,-53946
com_resam,95,14.9991,11,-53800.1
com_resam,96,13.7304,10,-53847
com_resam,97,14.2545,10,-53864.6
com_resam,98,13.6928,10,-53794.3
com_resam,99,14.0272,11,-53761.7
com_resam,100,15.9458,10,-53651.7
com_resam,101,13.9326,11,-53701.3
com_resam,102,13.2195,11,-53647.5
com_resam,103,14.3963,12,-53712.6
com_resam,104,14.6183,11,-53797
com_resam,105,13.1666,10,-53786.7
com_resam,106,13.1823,10,-53871.5
com_resam,107,12.567,11,-53879.8
com_resam,108,12.6625,11,-53915
com_resam,109,13.2492,11,-54015.6
com_resam,110,13.8509,10,-53892
com_resam,111,12.4788,10,-53841.4
com_resam,112,13.5039,12,-54075.4
com_resam,113,13.6937,12,-54086.2
com_resam,114,14.1729,10,-54037.4
com_resam,115,13.7585,11,-54251.6
com_resam,116,12.792,10,-53965.3
com_resam,117,13.0283,10,-53892.1
com_resam,118,12.4307,10,-53931.5
com_resam,119,13.4322,11,-54075.6
com_resam,120,14.8991,10,-54077.6
com_resam,121,13.0711,10,-53993.7
com_resam,122,12.584,10,-53990.4
com_resam,123,12.6195,10,-54094.1
com_resam,124,12.5694,10,-53992.5
com_resam,125,13.1203,10,-54000.5
com_resam,126,12.5474,10,-54094.6
com_resam,127,13.6364,11,-54133.8
com_resam,128,12.8987,10,-54091
com_resam,129,12.9927,10,-54151.1
com_resam,130,14.0441,10,-53999.4
com_resam,131,12.6189,10,-53834.6
com_resam,132,12.9953,10,-53924.1
com_resam,133,12.1595,10,-54033.9
com_resam,134,13.0786,11,-54011.5
com_resam,135,13.2411,11,-54148.6
com_resam,136,13.6157,10,-54145.4
com_resam,137,12.279,10,-53960
com_resam,138,12.7919,10,-53964.2
com_resam,139,12.3004,10,-53942.5
com_resam,140,15.9354,10,-53983.3
com_resam,141,13.2068,10,-53944.3
com_resam,142,12.5338,10,-53978.9
com_resam,143,12.9611,10,-54103.4
com_resam,144,12.5911,11,-54184.2
com_resam,145,13.065,12,-54130.3
com_resam,146,14.5308,11,-54148.5
com_resam,147,13.0704,10,-54184.8
com_resam,148,12.8705,11,-54075.9
com_resam,149,14.1182,11,-53884.3
com_resam,150,15.7845,10,-53731.4
com_resam,151,13.188,11,-53919.4
com_resam,152,13.1842,10,-53860.2
com_resam,153,13.0642,11,-53760.4
com_resam,154,12.8917,11,-53776.3
com_resam,155,13.8669,11,-53808
com_resam,156,13.1432,11,-53772
com_resam,157,13.8368,10,-53633.4
com_resam,158,12.9433,11,-53565.8
com_resam,159,13.1004,11,-53646.9
com_resam,160,14.0268,10,-53752.6
com_resam,161,13.2128,11,-53733
com_resam,162,13.7554,11,-53689.6
com_resam,163,12.5952,10,-53603.7
com_resam,164,12.6555,10,-53618.8
com_resam,165,12.8404,12,-53798
com_resam,166,13.5662,11,-53944
com_resam,167,12.4668,11,-53834
com_resam,168,13.3147,10,-53709
com_resam,169,13.0539,11,-53744.9
com_resam,170,13.7601,10,-53799.8
com_resam,171,12.3471,11,-53948.5
com_resam,172,12.6174,10,-53910
com_resam,173,12.5557,10,-53940.6
com_resam,174,13.0106,12,-54006
com_resam,175,13.2315,11,-53988.3
com_resam,176,13.5341,13,-53847.4
com_resam,177,13.6998,11,-53885.4
com_resam,178,13.4804,10,-53944.7
com_resam,179,12.4892,10,-54104
com_resam,180,14.6463,10,-53855.1
com_resam,181,13.1041,10,-54110.5
com_resam,182,12.9235,11,-54190.9
com_resam,183,13.625,11,-54055.1
com_resam,184,13.4832,10,-54165
com_resam,185,14.4634,12,-54142.3
com_resam,186,14.4094,10,-53984.5
com_resam,187,15.427,11,-54038.3
com_resam,188,17.7148,11,-54117.5
com_resam,189,16.9021,10,-53999.1
com_resam,190,19.5978,10,-54052.8
com_resam,191,16.1585,11,-53919
com_resam,192,14.7988,11,-53911.6
com_resam,193,16.2604,10,-53945.1
com_resam,194,16.5219,10,-53794.6
com_resam,195,19.1595,10,-53717.6
com_resam,196,20.595,10,-53938.9
com_resam,197,19.9383,11,-53908.5
com_resam,198,17.1135,10,-53943.8
com_resam,199,16.9279,10,-53841.2
com_resam,200,15.5278,10,-54014.8
com_resam,201,14.3295,11,-54135.6
com_resam,202,14.8303,10,-53968
com_resam,203,14.6305,10,-53687
com_resam,204,13.9163,10,-53764.8
com_resam,205,14.3633,10,-53852.6
com_resam,206,14.4521,11,-53915.1
com_resam,207,14.3965,10,-53977.6
com_resam,208,14.7353,11,-54150.4
com_resam,209,15.0464,11,-54135
com_resam,210,16.3184,11,-53937.7
com_resam,211,15.2014,10,-53816.3
com_resam,212,13.9216,10,-53792.9
com_resam,213,14.7968,10,-53783.3
com_resam,214,14.4753,11,-53764.6
com_resam,215,14.3517,10,-53680.2
com_resam,216,14.7176,10,-53632.2
com_resam,217,14.7827,11,-53886.7
com_resam,218,14.3449,10,-53501.8
com_resam,219,15.3654,11,-53551.3
com_resam,220,16.5457,10,-53570.9
com_resam,221,14.3089,11,-53576.4
com_resam,222,14.6026,11,-53675.5
com_resam,223,15.3895,12,-53633.7
com_resam,224,15.7956,11,-53737.5
com_resam,225,15.2422,12,-53821.6
com_resam,226,16.0259,11,-53973.8
com_resam,227,14.6023,10,-53848.7
com_resam,228,14.2878,10,-53759.7
com_resam,229,13.9368,11,-53864.6
com_resam,230,16.5773,10,-53745.6
com_resam,231,15.5024,10,-53805.2
com_resam,232,14.9907,12,-53906.3
com_resam,233,15.0184,11,-53912.9
com_resam,234,15.3258,12,-54054.9
com_resam,235,15.4134,10,-54076.6
com_resam,236,14.9214,10,-53886.4
com_resam,237,13.93,10,-53858.9
com_resam,238,14.4982,11,-53962.8
com_resam,239,14.5829,11,-54037.7
com_resam,240,17.6314,11,-53981.5
com_resam,241,16.1954,12,-54001.2
com_resam,242,15.4949,13,-54127.4
com_resam,243,17.5998,11,-54089.1
com_resam,244,16.0108,11,-53951
com_resam,245,14.4998,11,-53846.4
com_resam,246,15.4972,12,-53864.5
com_resam,247,14.6323,11,-54066.5
com_resam,248,15.1907,12,-53912.2
com_resam,249,14.4618,11,-53710.2
com_resam,250,16.4965,10,-53675.9
com_resam,251,14.4815,11,-53655.8
com_resam,252,13.9205,10,-53718.4
com_resam,253,13.6542,10,-53739
com_resam,254,13.2897,10,-53897.4
com_resam,255,14.6838,13,-53912.5
com_resam,256,16.682,13,-53885.7
com_resam,257,15.9697,13,-54035.1
com_resam,258,16.0224,12,-54105.8
com_resam,259,15.4874,12,-54012.3
com_resam,260,17.6352,12,-54177.4
com_resam,261,16.9986,12,-54128.9
com_resam,262,16.192,12,-54101.5
com_resam,263,14.6889,12,-54083.8
com_resam,264,16.0259,14,-54093.6
com_resam,265,15.4258,12,-54047.7
com_resam,266,15.5643,12,-54041.1
com_resam,267,14.768,11,-54002.4
com_resam,268,13.9392,10,-53971.6
com_resam,269,14.738,11,-53803
com_resam,270,15.494,10,-53818.7
com_resam,271,13.7565,10,-53969
com_resam,272,14.3806,10,-53847.5
com_resam,273,13.5277,10,-53915.3
com_resam,274,14.5555,10,-53765.4
com_resam,275,14.9004,12,-53811.3
com_resam,276,13.7307,11,-53724
com_resam,277,13.9856,10,-53671.2
com_resam,278,12.7842,10,-53734.3
com_resam,279,13.1906,10,-53782.8
com_resam,280,14.4311,10,-53667.3
com_resam,281,13.6468,11,-53674.2
com_resam,282,14.5355,11,-53684.5
com_resam,283,13.4011,10,-53728.2
com_resam,284,12.8151,10,-53727.7
com_resam,285,12.0838,10,-53684
com_resam,286,12.6275,10,-53735.9
com_resam,287,12.1724,10,-53718.8
com_resam,288,13.0069,11,-53881.8
com_resam,289,12.4761,10,-53751.4
com_resam,290,14.3243,10,-53873.2
com_resam,291,12.8202,10,-53811.3
com_resam,292,12.2173,10,-53977
com_resam,293,12.9939,11,-53998
com_resam,294,13.0837,11,-54193.5
com_resam,295,12.625,10,-54059.2
com_resam,296,12.9062,10,-54091.3
com_resam,297,12.4337,10,-53938
com_resam,298,13.651,10,-53957.1
com_resam,299,13.5963,10,-54022.6
com_resam,300,15.1785,10,-53977
com_resam,301,13.8601,11,-53920.3
com_resam,302,13.6438,10,-53939.2
com_resam,303,13.8153,12,-53966.2
com_resam,304,13.3467,10,-53951.6
com_resam,305,13.6309,10,-54033.6
com_resam,306,13.3123,12,-54139
com_resam,307,14.2783,12,-53921.7
com_resam,308,14.3072,12,-54068.4
com_resam,309,13.8865,10,-54098.1
com_resam,310,14.4798,10,-53978.7
com_resam,311,14.0871,11,-54045.4
com_resam,312,13.4784,10,-54128.3
com_resam,313,13.4564,10,-53981.3
com_resam,314,12.7542,10,-54003.2
com_resam,315,14.0714,12,-53928.9
com_resam,316,14.4816,12,-54038.8
com_resam,317,13.8796,11,-54068.1
com_resam,318,13.7222,11,-53977.6
com_resam,319,12.8986,10,-53970.2
com_resam,320,14.644,10,-54108.2
com_resam,321,13.3084,10,-54032.8
com_resam,322,14.5029,12,-53948.6
com_resam,323,14.0943,10,-53975.8
com_resam,324,13.9628,10,-53969.8
com_resam,325,12.8276,10,-53890.8
com_resam,326,12.9358,10,-53883.3
com_resam,327,12.4228,10,-53971.2
com_resam,328,13.2668,10,-53891.2
com_resam,329,12.5409,10,-53883
com_resam,330,14.6603,10,-53984.9
com_resam,331,14.1253,11,-53767.3
com_resam,332,13.4282,11,-53793.7
com_resam,333,13.8774,10,-53801.6
com_resam,334,13.1582,11,-54033
com_resam,335,13.5556,11,-54057.9
com_resam,336,13.4713,10,-54199.9
com_resam,337,13.1889,10,-54055.9
com_resam,338,12.5483,10,-54051
com_resam,339,13.7956,10,-54071.7
com_resam,340,13.6629,10,-53866.1
com_resam,341,13.4471,11,-54063.3
com_resam,342,13.5758,10,-54121
com_resam,343,13.6721,11,-54296.7
com_resam,344,13.8256,10,-54222.1
com_resam,345,13.7953,11,-54161.9
com_resam,346,12.8457,10,-54194
com_resam,347,12.9048,10,-54158.7
com_resam,348,12.4491,10,-54081.1
com_resam,349,13.2906,10,-54081
com_resam,350,14.9729,10,-54055.6
com_resam,351,13.0244,11,-54067.9
com_resam,352,13.0168,10,-54034.2
com_resam,353,13.9129,11,-54011.6
com_resam,354,12.8319,10,-53833.5
com_resam,355,14.445,12,-53902.3
com_resam,356,13.5273,10,-54027
com_resam,357,13.3316,11,-53952.9
com_resam,358,13.1329,10,-53756.5
com_resam,359,12.8141,10,-53755
com_resam,360,13.3684,10,-53807.1
com_resam,361,12.3637,10,-53871.1
com_resam,362,13.4788,10,-53770.7
com_resam,363,12.9737,11,-53932.5
com_resam,364,12.7737,10,-53942.2
com_resam,365,12.798,10,-53964.4
com_resam,366,13.1961,11,-54067.3
com_resam,367,12.8206,11,-53944.7
com_resam,368,13.2225,10,-53903.7
com_resam,369,13.0143,11,-53826.8
com_resam,370,13.8562,10,-53955.8
com_resam,371,12.6422,11,-54026.7
com_resam,372,13.2008,11,-54125.3
com_resam,373,13.6565,11,-54021.5
com_resam,374,12.7,11,-54001.1
com_resam,375,13.2,10,-53932.1
com_resam,376,12.1862,11,-53968.4
com_resam,377,12.8873,11,-53988
com_resam,378,13.5391,11,-53896.4
com_resam,379,13.1725,12,-53967.4
com_resam,380,14.6541,10,-53827.6
com_resam,381,12.9231,11,-53856.1
com_resam,382,12.7988,10,-53848.3
com_resam,383,12.6277,10,-53918.7
com_resam,384,12.0637,10,-53898.4
com_resam,385,12.8759,10,-53868
com_resam,386,12.6485,11,-53906.9
com_resam,387,12.828,11,-53953.4
com_resam,388,13.3843,11,-53870.9
com_resam,389,12.4915,10,-53860.4
com_resam,390,13.9615,10,-53907
com_resam,391,12.875,10,-53903.9
com_resam,392,12.2176,10,-53883.5
com_resam,393,13.1657,11,-53738.1
com_resam,394,12.963,11,-53567.8
com_resam,395,12.9585,11,-53567.3
com_resam,396,14.2376,12,-53710.9
com_resam,397,13.204,11,-53867.2
com_resam,398,13.5211,13,-53850
com_resam,399,13.9373,13,-53875.3
com_resam,400,17.0127,10,-53891.9
com_resam,401,13.795,12,-53769.7
com_resam,402,15.3705,12,-53718.5
com_resam,403,14.1973,10,-53810
com_resam,404,13.1943,10,-53806
com_resam,405,12.8076,10,-53824.4
com_resam,406,13.7423,11,-53995.2
com_resam,407,13.709,10,-54051.2
com_resam,408,13.6805,10,-54002.1
com_resam,409,13.0843,10,-54053.9
com_resam,410,14.913,10,-54068.8
com_resam,411,13.7122,11,-54086.2
com_resam,412,13.5778,13,-54137.2
com_resam,413,14.1464,10,-53905.7
com_resam,414,14.0117,11,-53972.8
com_resam,415,13.1772,10,-53827.1
com_resam,416,13.5198,10,-53889.9
com_resam,417,13.0976,10,-53833.4
com_resam,418,13.0391,12,-54006.2
com_resam,419,11.5455,12,-53969
com_resam,420,13.6314,11,-53883.5
com_resam,421,11.9842,10,-53871.5
com_resam,422,10.828,10,-53785.3
com_resam,423,10.9071,10,-53727.6
com_resam,424,11.8664,12,-53945.3
com_resam,425,12.0926,11,-54016.6
com_resam,426,11.5111,11,-53829
com_resam,427,11.2111,10,-53941
com_resam,428,11.2409,10,-54001.3
com_resam,429,11.6802,11,-53972.6
com_resam,430,12.3696,10,-53856.6
com_resam,431,10.872,10,-53943.1
com_resam,432,11.3615,10,-53870.6
com_resam,433,11.1711,10,-53898.6
com_resam,434,11.4344,11,-54101.1
com_resam,435,11.1565,10,-53895
com_resam,436,11.3766,11,-54106.8
com_resam,437,11.9513,11,-54095.4
com_resam,438,11.1882,10,-54098.9
com_resam,439,11.2175,10,-54145.8
com_resam,440,12.1517,10,-54221.8
com_resam,441,11.2827,11,-54231.3
com_resam,442,12.3366,10,-54103.6
com_resam,443,12.0044,11,-54150.7
com_resam,444,11.0865,10,-53985
com_resam,445,11.4559,10,-54018.9
com_resam,446,10.5642,10,-53885.9
com_resam,447,11.7429,10,-54037.1
com_resam,448,11.4044,10,-53918.5
com_resam,449,11.7915,12,-53983.3
com_resam,450,13.1494,10,-53897.1
com_resam,451,11.8523,11,-53944.9
com_resam,452,11.3504,10,-53826.1
com_resam,453,11.419,10,-53861.7
com_resam,454,10.8777,11,-53865
com_resam,455,11.1965,10,-53803.4
com_resam,456,11.4397,11,-53807.4
com_resam,457,11.5575,11,-53701.7
com_resam,458,12.9456,15,-53889.3
com_resam,459,12.4564,11,-53800.5
com_resam,460,12.6275,11,-53780.7
com_resam,461,11.8041,10,-53825.3
com_resam,462,10.7959,10,-53811.2
com_resam,463,11.8927,12,-53800
com_resam,464,11.7864,12,-53716.1
com_resam,465,12.4352,10,-53774.9
com_resam,466,11.7808,11,-53889.1
com_resam,467,11.7454,11,-53875.5
com_resam,468,11.668,12,-54039.6
com_resam,469,11.6684,10,-54025.7
com_resam,470,12.3536,10,-53873.5
com_resam,471,11.2254,10,-53975
com_resam,472,10.7804,10,-53979.8
com_resam,473,11.393,11,-53811.1
com_resam,474,11.3398,12,-53893.6
com_resam,475,12.1072,12,-53811.2
com_resam,476,11.6311,12,-53812.2
com_resam,477,11.6177,11,-53926.2
com_resam,478,11.5913,11,-53924.7
com_resam,479,11.4629,11,-54038.5
com_resam,480,12.5065,11,-53988.9
com_resam,481,11.7125,11,-54146.5
com_resam,482,10.9813,11,-54144.1
com_resam,483,12.2478,13,-54196.4
com_resam,484,12.8461,11,-54064.5
com_resam,485,12.8795,11,-53904.9
com_resam,486,11.5378,11,-53818.6
com_resam,487,11.6683,11,-53936.5
com_resam,488,11.2311,12,-53822.7
com_resam,489,11.8779,11,-53833.3
com_resam,490,13.9283,12,-53706.7
com_resam,491,11.8768,12,-53746
com_resam,492,12.9178,14,-53929.8
com_resam,493,12.0377,11,-54024.4
com_resam,494,11.654,12,-53965
com_resam,495,11.5343,11,-54053.7
com_resam,496,11.8221,11,-54127.2
com_resam,497,11.6599,12,-54082
com_resam,498,11.5626,11,-54179.6
com_resam,499,12.1728,13,-54283.4
com_resam,500,13.3438,11,-54248.9
random,1,22.8378,15,-66327.8
random,2,24.627,13,-64647.7
random,3,26.5668,16,-62734.7
random,4,26.0676,15,-60337.7
random,5,26.1849,15,-58741.7
random,6,26.5302,14,-57381.5
random,7,26.0793,13,-56643.4
random,8,26.8036,13,-55949.8
random,9,27.1062,14,-55557.2
random,10,26.4935,14,-55189.4
random,11,27.2416,14,-54772.2
random,12,24.9058,14,-54354.2
random,13,25.9011,14,-54261.4
random,14,24.6385,13,-54017.7
random,15,25.2901,12,-54075.4
random,16,23.9875,12,-54208.7
random,17,25.3774,13,-54183.1
random,18,24.9239,13,-54077.4
random,19,25.9976,12,-54072
random,20,33.0728,13,-54088.3
random,21,29.677,12,-53895.2
random,22,25.8159,13,-54123.2
random,23,24.3272,12,-53981.3
random,24,24.2037,13,-54183.3
random,25,24.9452,13,-54133.7
random,26,24.7401,13,-53943.2
random,27,25.539,12,-54087.9
random,28,23.2596,12,-54006.2
random,29,24.162,12,-54099.9
random,30,23.1056,12,-53943.7
random,31,24.2502,12,-53952.1
random,32,23.1661,12,-53997.7
random,33,23.6391,12,-53988.8
random,34,22.0093,13,-54071
random,35,21.274,12,-54005
random,36,21.8456,12,-54130.8
random,37,22.6077,14,-53965.4
random,38,23.4853,13,-54016.8
random,39,23.2532,12,-54063.2
random,40,21.8918,12,-54178.7
random,41,22.4405,12,-54144.7
random,42,20.4071,13,-54264.1
random,43,17.267,13,-54192.1
random,44,17.7926,13,-54296.4
random,45,16.9919,13,-54355.3
random,46,17.3079,13,-54344.7
random,47,16.7852,14,-54285.2
random,48,17.0757,13,-54195.6
random,49,18.312,13,-54364.5
random,50,20.7164,13,-54266.8
random,51,17.6827,16,-54152.2
random,52,17.8475,13,-54146.5
random,53,17.0821,14,-54286.8
random,54,17.5384,16,-54207.6
random,55,18.6022,14,-54326.7
random,56,17.1672,14,-54095.5
random,57,18.3813,14,-53965
random,58,17.8171,13,-53858.1
random,59,17.8428,13,-53908.5
random,60,17.2581,13,-53975.6
random,61,17.9198,12,-53871.3
random,62,17.8388,13,-53894.1
random,63,17.7305,14,-53811.1
random,64,17.718,12,-53826.7
random,65,18.1711,15,-53913.1
random,66,20.2567,12,-53873.7
random,67,17.5488,13,-53886.6
random,68,16.5567,12,-53996.4
random,69,17.1305,12,-53911.5
random,70,16.6524,12,-54037.4
random,71,17.5332,12,-54197.6
random,72,17.6859,13,-53987.5
random,73,17.2628,12,-53950.8
random,74,17.2229,11,-53984
random,75,15.5678,11,-54106.8
random,76,16.1144,11,-54034.3
random,77,16.4696,11,-54065.8
random,78,16.3827,11,-53787.8
random,79,16.0495,11,-53821.2
random,80,15.6934,11,-53919.6
random,81,16.2334,11,-54042
random,82,16.2164,12,-54051.8
random,83,16.3214,11,-53954.1
random,84,16.8112,11,-53977.1
random,85,16.5367,11,-53987.5
random,86,16.7038,11,-53943.7
random,87,15.583,10,-53974.9
random,88,15.1474,10,-53946.7
random,89,14.7144,10,-53851.3
random,90,14.9937,11,-53802.7
random,91,15.7279,12,-53765.1
random,92,16.0322,13,-53906.3
random,93,15.5588,11,-54068.2
random,94,15.2151,13,-54283
random,95,16.5404,13,-54180
random,96,15.9251,12,-54124.6
random,97,15.7708,11,-53977.2
random,98,15.0201,10,-54014.1
random,99,15.4834,11,-53810.6
random,100,14.9925,10,-53935
random,101,14.8311,10,-53947.8
random,102,14.0308,10,-53855.3
random,103,14.8264,11,-53742.1
random,104,15.7544,11,-53804.9
random,105,15.2625,11,-53657.6
random,106,14.8255,11,-53696.5
random,107,14.6974,10,-53685.3
random,108,14.3793,10,-53860.8
random,109,14.6386,10,-53905.5
random,110,14.516,10,-53903.6
random,111,14.6497,10,-53985.1
random,112,13.9942,10,-53873.6
random,113,14.6527,10,-53720.9
random,114,14.557,11,-53668.8
random,115,14.7812,12,-53578.8
random,116,14.8245,10,-53739.1
random,117,15.3894,13,-53901.9
random,118,16.3637,12,-53846.1
random,119,14.8514,10,-53846
random,120,14.7263,11,-53701.8
random,121,14.1972,10,-53635.2
random,122,15.1197,10,-53755.5
random,123,14.4511,11,-53775.9
random,124,14.9576,11,-53797.7
random,125,15.3138,11,-53754.9
random,126,14.5832,11,-53930.6
random,127,15.597,11,-53784.1
random,128,15.6441,12,-53767.7
random,129,15.2781,11,-54012.7
random,130,15.5774,10,-54130
random,131,14.991,11,-54152.1
random,132,15.0314,11,-54078
random,133,14.7514,10,-53935.9
random,134,14.591,10,-54029.4
random,135,14.6315,11,-53971.1
random,136,14.9492,10,-53935.5
random,137,14.8438,11,-53789.4
random,138,14.3443,10,-53795.2
random,139,14.3286,10,-53761.2
random,140,13.8762,10,-53928.8
random,141,14.7083,11,-53924.6
random,142,14.268,10,-53793.2
random,143,14.685,11,-53798.6
random,144,14.4143,10,-53815.5
random,145,15.1547,11,-53766.5
random,146,14.1324,10,-53922.3
random,147,14.6816,11,-53936.5
random,148,14.5259,10,-53757.7
random,149,14.3136,10,-53694
random,150,14.8029,11,-53571.9
random,151,14.3169,11,-53704.7
random,152,14.5849,11,-53813.5
random,153,14.5378,11,-53668.5
random,154,14.3789,10,-53858.6
random,155,14.394,10,-53909.7
random,156,13.9165,10,-54125.1
random,157,14.654,10,-53900.4
random,158,14.627,10,-53822.2
random,159,14.659,10,-53827.8
random,160,14.1997,10,-53807.7
random,161,15.021,10,-53869
random,162,14.9725,10,-53741.8
random,163,15.4489,11,-53817.7
random,164,17.2773,12,-53868.1
random,165,18.9972,10,-53822.3
random,166,19.7962,11,-53869.2
random,167,19.8639,10,-53877.5
random,168,18.1062,10,-53999.8
random,169,16.2021,11,-53982.6
random,170,18.9211,11,-53997.6
random,171,18.9555,10,-53943.4
random,172,24.466,10,-53933.2
random,173,22.2704,10,-53906.1
random,174,20.9571,13,-53981.7
random,175,20.135,11,-53791.1
random,176,16.658,11,-53904.2
random,177,16.8736,10,-53880
random,178,16.6602,11,-53935.1
random,179,16.2434,11,-53930.8
random,180,16.3505,10,-54075.2
random,181,16.4952,10,-54026.1
random,182,15.7658,10,-53838.9
random,183,16.3163,11,-53973.8
random,184,16.8924,11,-53933
random,185,16.2266,11,-53964.7
random,186,16.7861,11,-53863.9
random,187,16.512,11,-53839.1
random,188,17.4898,11,-53831.4
random,189,16.4747,10,-53853.1
random,190,16.7881,11,-54008.1
random,191,17.284,11,-53898.8
random,192,17.7975,11,-53740.6
random,193,16.438,11,-53883.6
random,194,17.0661,11,-53881
random,195,16.5102,11,-53915.2
random,196,17.0742,10,-53912.6
random,197,15.9324,10,-54015.9
random,198,16.8362,10,-54056.5
random,199,16.7542,11,-54098.2
random,200,16.5095,10,-54007.7
random,201,16.2642,10,-54026.8
random,202,16.6977,11,-54164.6
random,203,18.1647,12,-54200.5
random,204,17.4243,11,-54243.3
random,205,17.1321,11,-54138.1
random,206,16.6032,11,-54364.5
random,207,17.4419,11,-54330.5
random,208,16.6004,11,-54220.8
random,209,17.3026,11,-54226.9
random,210,17.5814,12,-54194.3
random,211,17.8158,11,-54164.8
random,212,17.0352,10,-54071.3
random,213,16.7997,11,-54030.8
random,214,18.1663,12,-53995.3
random,215,18.0883,11,-54016.8
random,216,17.3458,12,-54109.6
random,217,17.0428,11,-54142.5
random,218,16.5401,10,-54062.2
random,219,15.4677,10,-54134.8
random,220,16.7595,12,-54157.3
random,221,16.7356,11,-53925
random,222,16.6932,12,-53941.1
random,223,15.9305,11,-53889.9
random,224,15.9858,11,-53805
random,225,15.427,11,-53924.3
random,226,17.8291,11,-53865.7
random,227,16.0809,11,-53722.8
random,228,17.4752,12,-53697.4
random,229,17.0808,12,-53751.5
random,230,18.2217,11,-53881.9
random,231,17.0613,11,-54109.8
random,232,16.844,10,-54240.3
random,233,16.5144,11,-54110.6
random,234,15.8818,10,-54061.6
random,235,16.5925,11,-54021.8
random,236,16.073,11,-53764.2
random,237,15.9279,11,-53829.9
random,238,16.6768,11,-53953.6
random,239,16.1951,11,-53859.3
random,240,16.6247,12,-53892.3
random,241,16.6291,11,-53889
random,242,16.5954,11,-53913.1
random,243,16.8427,11,-53995.7
random,244,15.1269,11,-53916.4
random,245,14.8593,11,-53875.5
random,246,15.6437,10,-53751.7
random,247,14.7445,11,-53712
random,248,15.9208,11,-53735.8
random,249,15.1793,10,-53865.7
random,250,16.271,11,-53811.9
random,251,15.711,13,-53825.2
random,252,15.829,12,-53946.9
random,253,15.5947,13,-53973.5
random,254,16.224,12,-53918.6
random,255,14.7943,11,-53845.5
random,256,15.1723,11,-53858.7
random,257,14.267,10,-53917.8
random,258,14.5316,11,-53916.5
random,259,14.1256,11,-53868.1
random,260,14.463,10,-53794.5
random,261,14.4824,11,-53912
random,262,14.2437,11,-53936.1
random,263,15.6999,12,-54076.3
random,264,16.4721,11,-53972.9
random,265,16.0375,11,-53860
random,266,15.0201,10,-53847.3
random,267,15.321,11,-53631.1
random,268,14.4709,11,-53743.1
random,269,16.0299,11,-53726.6
random,270,15.1231,11,-53768.1
random,271,15.2274,12,-53745.7
random,272,16.3307,11,-53940.5
random,273,15.2942,10,-53843.6
random,274,15.0825,10,-53833.8
random,275,14.5657,10,-54014.9
random,276,15.296,10,-53954
random,277,15.2579,11,-53945.8
random,278,14.7048,11,-53861.8
random,279,15.9708,11,-53930.7
random,280,15.2139,12,-53842.3
random,281,15.6339,11,-53799.7
random,282,15.7651,12,-53905.2
random,283,15.3799,10,-53761
random,284,15.1796,12,-53816.2
random,285,16.5107,11,-53724
random,286,15.6702,11,-53632.8
random,287,15.3795,10,-53829.9
random,288,14.7138,10,-53767.2
random,289,14.9632,11,-53794.6
random,290,14.2028,10,-53909.5
random,291,14.636,10,-53868.4
random,292,14.2903,10,-53767.6
random,293,15.7585,10,-53844.1
random,294,16.2527,11,-53788.8
random,295,14.6546,11,-53800.3
random,296,15.0536,11,-53983.9
random,297,15.7914,12,-53961.8
random,298,15.3764,11,-53926.2
random,299,15.8681,12,-53963.8
random,300,15.7039,11,-54010.2
random,301,16.5112,13,-54010.8
random,302,16.0391,11,-54090.2
random,303,15.9694,12,-54056.1
random,304,16.5535,11,-53888.2
random,305,14.548,10,-53796.2
random,306,14.6716,11,-53709.9
random,307,15.2297,12,-53782
random,308,15.4053,12,-53930.5
random,309,16.4551,10,-53812
random,310,14.004,10,-53916.4
random,311,14.9344,10,-53904.9
random,312,14.7362,11,-53873.7
random,313,14.692,11,-54095.9
random,314,16.0637,11,-54041.6
random,315,14.6155,11,-53955.5
random,316,15.4618,10,-53916.1
random,317,14.2351,11,-54191.6
random,318,14.7167,11,-54148.6
random,319,14.3088,10,-54209.7
random,320,15.719,11,-54137.2
random,321,14.4529,11,-54085.9
random,322,15.3409,10,-54103.7
random,323,14.1771,11,-54201.5
random,324,15.0827,12,-54038.4
random,325,15.1692,10,-53822.5
random,326,15.0816,12,-53834.2
random,327,15.0995,10,-53785.3
random,328,14.978,12,-53890.1
random,329,15.4642,11,-54007.5
random,330,14.5718,10,-53918.3
random,331,14.3551,10,-53959.6
random,332,13.8299,10,-53960.1
random,333,14.4943,10,-53983.9
random,334,14.6515,12,-54051.7
random,335,14.7215,11,-54001.8
random,336,14.6894,11,-53721
random,337,14.7715,11,-53716
random,338,14.536,10,-53918.8
random,339,14.3089,10,-53917.2
random,340,13.9767,10,-53843.9
random,341,14.382,10,-53845.7
random,342,13.8629,10,-53820.9
random,343,15.0982,11,-53904
random,344,13.9214,10,-53885.2
random,345,14.3057,10,-53879.8
random,346,14.062,10,-53944.9
random,347,15.2263,12,-53969.1
random,348,14.8598,12,-53794
random,349,15.3052,12,-53836.8
random,350,15.4293,12,-53911.7
random,351,15.4312,14,-53818.9
random,352,15.5414,12,-53817.5
random,353,15.2634,12,-53723.7
random,354,15.2151,12,-53856.9
random,355,16.9805,11,-53782.8
random,356,16.7168,13,-53818.4
random,357,16.9112,12,-53795.7
random,358,17.2628,14,-53732.2
random,359,16.8443,11,-53668.1
random,360,16.1592,11,-53693.1
random,361,15.0823,11,-53823.4
random,362,15.5572,11,-53885.4
random,363,14.8687,10,-53810.6
random,364,15.7002,12,-53887.1
random,365,15.4073,11,-54123.1
random,366,16.3635,13,-54036.3
random,367,15.9102,11,-53970.2
random,368,15.4477,10,-54066.7
random,369,15.2438,10,-54013.4
random,370,13.0119,12,-54122.9
random,371,12.6225,12,-54086.5
random,372,13.767,12,-54029.7
random,373,13.0127,11,-54113.7
random,374,14.0147,13,-54035.2
random,375,13.8717,11,-53926.8
random,376,13.6492,12,-54025.9
random,377,13.0511,11,-53838.6
random,378,13.2121,12,-53706.5
random,379,13.8883,15,-53594.7
random,380,14.875,15,-53837.6
random,381,14.3841,13,-53778.7
random,382,14.2353,13,-54013.9
random,383,13.5142,12,-54092.7
random,384,13.2453,12,-53949
random,385,13.1944,13,-53980.7
random,386,13.8904,12,-54041.5
random,387,12.8782,11,-54026.8
random,388,13.0908,11,-54177.6
random,389,12.8643,12,-54168
random,390,14.4275,11,-54153.1
random,391,13.4601,12,-53866.9
random,392,13.1709,12,-53944.1
random,393,13.8495,12,-54003.9
random,394,13.3378,12,-54068.5
random,395,14.0955,12,-54101.4
random,396,13.6933,14,-54342.7
random,397,14.9593,13,-54331.5
random,398,14.0612,13,-54257.6
random,399,13.6692,11,-54169.7
random,400,13.1342,13,-54073
random,401,13.6327,12,-53900.8
random,402,13.4413,12,-53888.5
random,403,13.0232,12,-53879.9
random,404,13.2574,11,-53847.9
random,405,12.4035,11,-53889.8
random,406,13.2915,12,-53907.5
random,407,13.3963,12,-53968.5
random,408,13.4589,10,-53929
random,409,13.2017,13,-53986.8
random,410,14.7452,14,-53869.2
random,411,13.7964,11,-53945.3
random,412,13.2093,11,-53944.7
random,413,12.4997,12,-53918
random,414,13.0937,10,-54013.2
random,415,12.6247,10,-53997.2
random,416,12.2352,10,-53991.3
random,417,12.8097,11,-54121.6
random,418,12.7082,10,-54097.5
random,419,12.2768,10,-54186.9
random,420,12.4024,11,-54024.1
random,421,12.5312,11,-54206
random,422,12.8059,10,-54302.6
random,423,12.775,10,-54278.9
random,424,11.9403,11,-54328.7
random,425,13.1931,12,-54197.7
random,426,13.2138,12,-54211.8
random,427,14.2053,12,-54117.1
random,428,15.0605,13,-54213.4
random,429,13.498,11,-54183.2
random,430,12.7171,12,-54023.8
random,431,13.0628,11,-54172.3
random,432,14.4075,12,-54117.3
random,433,13.8313,11,-54165.7
random,434,12.7707,11,-54148.7
random,435,12.3546,10,-54003.4
random,436,12.5346,10,-54090.1
random,437,12.8051,10,-54150.1
random,438,12.8009,11,-54005.2
random,439,13.3308,10,-54018.4
random,440,12.325,10,-53936.4
random,441,12.4874,11,-53962.5
random,442,12.8859,13,-53995.3
random,443,11.0915,12,-53853.9
random,444,11.0756,11,-53831.5
random,445,10.5803,12,-54012.1
random,446,10.771,11,-54013.3
random,447,10.7975,10,-54046.2
random,448,9.40815,10,-53835.1
random,449,9.70623,11,-53965.9
random,450,9.58211,10,-53768.8
random,451,9.2252,10,-53802.4
random,452,9.48871,11,-53875.8
random,453,9.22878,10,-53827.3
random,454,9.54995,10,-53692.4
random,455,9.66522,10,-53762.4
random,456,9.69738,11,-53890.3
random,457,9.88371,10,-53849
random,458,9.38434,11,-53988.4
random,459,9.26921,11,-53828
random,460,10.2767,13,-53834.1
random,461,10.4057,13,-53804.7
random,462,10.7645,13,-53750.3
random,463,10.1642,12,-53852.8
random,464,10.4133,12,-53789.4
random,465,10.2724,12,-53762.8
random,466,9.93391,11,-53789.1
random,467,10.2326,12,-53779.9
random,468,9.84093,10,-53630.4
random,469,9.812,12,-53531.1
random,470,10.4457,13,-53614.4
random,471,10.1182,11,-53667.7
random,472,9.96275,11,-53659.8
random,473,9.58254,11,-53701.3
random,474,10.4162,11,-53715.1
random,475,10.2752,13,-53610.5
random,476,10.57,11,-53803
random,477,9.73751,10,-53689.3
random,478,9.74379,10,-53825.4
random,479,9.39303,11,-53813.1
random,480,10.1296,11,-53787.5
random,481,9.5626,10,-53841.2
random,482,9.72807,11,-53978.2
random,483,9.47519,10,-53846.7
random,484,9.79041,10,-53986.4
random,485,9.39657,11,-53910.1
random,486,9.1451,10,-53793.5
random,487,9.90485,10,-53870.9
random,488,9.72244,10,-53896.1
random,489,10.3676,11,-53983.8
random,490,10.7007,10,-53807
random,491,10.6105,10,-53947.6
random,492,9.79675,10,-53895.2
random,493,10.4442,11,-53838.4
random,494,10.7023,11,-53786.8
random,495,10.3923,11,-53792.5
random,496,10.2271,11,-53853.3
random,497,10.8441,11,-53845.7
random,498,10.4198,11,-53835.9
random,499,10.5967,11,-54027
random,500,10.4544,12,-53872.6
res_gibbs,1,26.9386,15,-66327.8
res_gibbs,2,28.3676,16,-64330
res_gibbs,3,32.8857,16,-62157.9
res_gibbs,4,30.4561,15,-60130.5
res_gibbs,5,28.9406,17,inf
res_gibbs,6,32.38,18,-57287.4
res_gibbs,7,32.2404,17,-56470
res_gibbs,8,32.5566,16,-56068
res_gibbs,9,31.384,15,-55510.9
res_gibbs,10,28.8668,15,-55278.4
res_gibbs,11,29.8364,15,-55009.2
res_gibbs,12,29.0013,15,-54717.1
res_gibbs,13,30.4224,14,-54550.2
res_gibbs,14,27.4786,14,-54483.6
res_gibbs,15,29.0817,14,-54440.7
res_gibbs,16,30.3394,15,-54448.7
res_gibbs,17,37.3674,15,-54319.5
res_gibbs,18,36.7237,15,-54296.9
res_gibbs,19,31.4293,17,-54158.9
res_gibbs,20,29.8522,15,-54162.6
res_gibbs,21,28.8811,15,-54120.3
res_gibbs,22,29.9465,15,-54060.6
res_gibbs,23,30.3394,17,inf
res_gibbs,24,30.9971,16,-54153.3
res_gibbs,25,30.3529,17,-54098.3
res_gibbs,26,30.3088,16,-54098.1
res_gibbs,27,30.2997,17,-54226.1
res_gibbs,28,29.8279,18,-54311.8
res_gibbs,29,27.5707,17,-54272.7
res_gibbs,30,29.1207,17,-54259.1
res_gibbs,31,30.2711,17,-54206.2
res_gibbs,32,28.2193,17,-54401.1
res_gibbs,33,28.0542,16,-54354
res_gibbs,34,27.8139,17,-54292.6
res_gibbs,35,22.927,16,-54145.7
res_gibbs,36,21.8634,16,-54306.3
res_gibbs,37,20.6544,15,-54225.4
res_gibbs,38,20.5496,16,-54291.2
res_gibbs,39,20.2778,15,-54597
res_gibbs,40,21.7787,15,-54575.5
res_gibbs,41,24.4155,15,-54548.2
res_gibbs,42,20.0853,15,-54477
res_gibbs,43,19.3757,15,-54569.5
res_gibbs,44,20.5058,15,-54423
res_gibbs,45,19.0502,15,-54155.5
res_gibbs,46,19.8988,15,-54095.3
res_gibbs,47,20.4249,15,-54147.3
res_gibbs,48,21.2855,15,-54216.7
res_gibbs,49,21.2786,16,-54185.6
res_gibbs,50,22.56,17,-54160.1
res_gibbs,51,22.0894,17,-54073
res_gibbs,52,22.3751,17,-54145.2
res_gibbs,53,21.8682,14,-54166.8
res_gibbs,54,21.5773,17,-54181.3
res_gibbs,55,23.3881,14,-54140.9
res_gibbs,56,20.2598,14,-54165.8
res_gibbs,57,19.645,14,-54166.3
res_gibbs,58,21.0701,15,-54167.8
res_gibbs,59,20.6324,14,-54107.1
res_gibbs,60,20.7977,14,-54255.9
res_gibbs,61,20.6023,14,-54072.4
res_gibbs,62,20.2012,14,-54175.3
res_gibbs,63,19.6777,14,-54091.9
res_gibbs,64,20.1383,14,-54000.7
res_gibbs,65,19.5931,13,-53942.4
res_gibbs,66,19.5742,13,-54079
res_gibbs,67,18.7068,13,-54029.3
res_gibbs,68,20.2963,13,-54218.5
res_gibbs,69,19.3834,13,-54394.6
res_gibbs,70,20.2706,12,-54455.2
res_gibbs,71,19.7366,14,-54352
res_gibbs,72,19.896,13,-54239.2
res_gibbs,73,19.5112,14,-54372.8
res_gibbs,74,19.1957,14,-54332.7
res_gibbs,75,18.6306,13,-54227.6
res_gibbs,76,19.2427,13,-54142.3
res_gibbs,77,18.7238,14,-54366.9
res_gibbs,78,18.7643,12,-54395.7
res_gibbs,79,17.1291,12,-54477
res_gibbs,80,18.4922,12,-54425.9
res_gibbs,81,17.8828,12,-54325.1
res_gibbs,82,18.1967,13,-54231.9
res_gibbs,83,18.0806,13,-54271.4
res_gibbs,84,18.0355,12,-54114.4
res_gibbs,85,18.0014,12,-54035.6
res_gibbs,86,18.8304,13,-54063.9
res_gibbs,87,18.1417,12,-54133.4
res_gibbs,88,16.7002,11,-54040.8
res_gibbs,89,16.9683,11,-54043.6
res_gibbs,90,17.2224,11,-54232.7
res_gibbs,91,17.3217,13,inf
res_gibbs,92,18.8537,13,-54242.6
res_gibbs,93,17.4281,14,-54145
res_gibbs,94,18.3191,13,-54178.8
res_gibbs,95,18.4723,12,-54108.3
res_gibbs,96,18.102,14,-54131.5
res_gibbs,97,18.3105,12,-53896
res_gibbs,98,18.1831,12,-53914.9
res_gibbs,99,16.8767,12,-53996.1
res_gibbs,100,17.784,12,-53934
res_gibbs,101,17.1199,12,-53909.2
res_gibbs,102,18.2171,12,-53973.9
res_gibbs,103,16.8631,12,-54072.4
res_gibbs,104,18.3128,13,-54160.9
res_gibbs,105,17.8684,14,-54223
res_gibbs,106,18.2433,13,-54060.9
res_gibbs,107,18.4246,12,-54129.3
res_gibbs,108,17.5575,12,-54108.4
res_gibbs,109,18.0602,11,-54018.6
res_gibbs,110,17.5926,12,-54088.8
res_gibbs,111,17.4402,12,-54028.2
res_gibbs,112,17.9077,12,-54099.6
res_gibbs,113,17.8577,12,-54213.7
res_gibbs,114,18.3225,13,-54101.6
res_gibbs,115,17.6912,12,-54048.5
res_gibbs,116,17.7659,13,-54109.1
res_gibbs,117,18.6507,14,-54095.1
res_gibbs,118,17.9866,14,-54123
res_gibbs,119,17.8244,14,-54054.8
res_gibbs,120,18.2536,16,inf
res_gibbs,121,19.8715,15,-54349.5
res_gibbs,122,18.4376,14,-54438.2
res_gibbs,123,18.7147,14,-54273.4
res_gibbs,124,18.0984,14,-54211.1
res_gibbs,125,19.1167,14,-54253.7
res_gibbs,126,18.092,14,-54080
res_gibbs,127,18.0054,13,-54128.2
res_gibbs,128,18.0156,13,-54070.5
res_gibbs,129,18.4787,13,-54100.3
res_gibbs,130,18.4232,13,-54144.8
res_gibbs,131,17.9752,12,-54191.9
res_gibbs,132,18.6675,14,-54237.8
res_gibbs,133,18.4823,12,-54166
res_gibbs,134,18.8336,11,-54012.8
res_gibbs,135,18.5027,11,-53964.1
res_gibbs,136,21.4661,11,-53922.5
res_gibbs,137,22.1013,11,-53919.9
res_gibbs,138,23.8877,12,-53921.5
res_gibbs,139,20.1381,12,-54089.9
res_gibbs,140,20.6921,12,-54108.3
res_gibbs,141,23.1303,12,-54091.7
res_gibbs,142,29.3353,12,-54063.6
res_gibbs,143,26.9603,12,-54093.7
res_gibbs,144,22.7797,12,-54039.2
res_gibbs,145,21.6362,13,-54100.9
res_gibbs,146,19.7361,11,-54180.7
res_gibbs,147,20.0483,12,-54346.1
res_gibbs,148,19.3607,12,-54379
res_gibbs,149,20.7271,12,-54249.3
res_gibbs,150,20.4245,12,-54283.6
res_gibbs,151,19.3265,12,-54137.5
res_gibbs,152,20.3508,14,-54218.9
res_gibbs,153,20.4993,12,-54246.6
res_gibbs,154,19.9354,11,-54058
res_gibbs,155,19.07,11,-53890.1
res_gibbs,156,19.708,11,-53963.3
res_gibbs,157,19.9692,13,-53937
res_gibbs,158,19.9558,11,-53868.6
res_gibbs,159,19.4985,11,-53826.8
res_gibbs,160,19.7838,12,-54131.3
res_gibbs,161,19.6601,11,-53978.6
res_gibbs,162,20.0561,12,-53954.9
res_gibbs,163,19.6941,11,-54129.3
res_gibbs,164,20.3838,12,-54071.1
res_gibbs,165,19.652,13,-54008.2
res_gibbs,166,19.9182,11,-54033.6
res_gibbs,167,19.3243,11,-54082.6
res_gibbs,168,20.5334,11,-54157.4
res_gibbs,169,20.1084,11,-54129.2
res_gibbs,170,18.7714,11,-54109.7
res_gibbs,171,20.155,12,-54240.6
res_gibbs,172,19.5594,11,-54078
res_gibbs,173,19.7205,11,-53947.3
res_gibbs,174,18.6898,11,-53957.1
res_gibbs,175,19.2441,11,-53978.9
res_gibbs,176,19.8336,12,-54063.2
res_gibbs,177,19.3895,11,-54205.9
res_gibbs,178,21.8688,11,-54321.2
res_gibbs,179,19.612,11,-54311.4
res_gibbs,180,19.3231,10,-54339.2
res_gibbs,181,19.485,13,-54215.9
res_gibbs,182,19.6252,11,-54268.9
res_gibbs,183,19.6588,14,-54216.8
res_gibbs,184,20.0712,12,-54110.6
res_gibbs,185,18.6727,12,-54183.1
res_gibbs,186,19.2676,13,-54162.5
res_gibbs,187,19.6157,13,-54205.3
res_gibbs,188,21.1399,13,-54255.8
res_gibbs,189,20.7477,13,-54276.2
res_gibbs,190,20.1327,11,-54204
res_gibbs,191,21.052,13,-54207
res_gibbs,192,20.311,11,-54163.4
res_gibbs,193,18.7259,12,-54074
res_gibbs,194,19.0626,12,-53940.2
res_gibbs,195,19.1117,11,-54006.3
res_gibbs,196,18.3474,10,-53848.8
res_gibbs,197,18.2671,11,-53749
res_gibbs,198,18.6935,11,-53904
res_gibbs,199,18.2647,11,-53882.9
res_gibbs,200,19.4463,12,-53890
res_gibbs,201,18.9877,11,-54014.9
res_gibbs,202,19.8407,12,-54009.1
res_gibbs,203,19.4644,12,-54006.5
res_gibbs,204,17.739,11,-54146.9
res_gibbs,205,17.8539,11,-54016.8
res_gibbs,206,18.0565,12,-53854.5
res_gibbs,207,18.0232,11,-53706.2
res_gibbs,208,18.9478,13,-53767.5
res_gibbs,209,17.8326,12,-53824.1
res_gibbs,210,17.4569,12,-53781.8
res_gibbs,211,16.6682,12,-53680.8
res_gibbs,212,17.2704,11,-53769.7
res_gibbs,213,17.5075,12,-53641.2
res_gibbs,214,17.6209,11,-53665.9
res_gibbs,215,16.0076,12,inf
res_gibbs,216,17.5945,11,-53903.9
res_gibbs,217,16.4824,11,-54058.9
res_gibbs,218,17.3323,12,-54209.1
res_gibbs,219,16.8657,11,-54271.7
res_gibbs,220,17.8461,12,-54179.3
res_gibbs,221,19.1055,12,-54058
res_gibbs,222,18.7499,12,-54066.1
res_gibbs,223,18.1387,13,-53973.2
res_gibbs,224,18.0154,13,-54092.6
res_gibbs,225,19.5317,13,-54222.9
res_gibbs,226,17.4516,12,-54175.3
res_gibbs,227,18.7276,13,-54261.1
res_gibbs,228,19.3277,14,-54164.6
res_gibbs,229,18.92,13,-54267.6
res_gibbs,230,18.717,12,-54287.7
res_gibbs,231,17.6879,12,-54348.9
res_gibbs,232,18.1257,12,-54309.8
res_gibbs,233,18.1405,12,-54172
res_gibbs,234,18.3904,12,-54174.7
res_gibbs,235,17.5212,12,-54270.4
res_gibbs,236,18.3366,12,-54190.4
res_gibbs,237,16.8667,12,-54197.9
res_gibbs,238,19.4122,13,-54227.7
res_gibbs,239,18.6836,11,-54161.2
res_gibbs,240,18.4415,12,-54020.7
res_gibbs,241,17.2864,11,-54115.4
res_gibbs,242,17.2608,11,-54032.2
res_gibbs,243,16.6624,11,-54217.8
res_gibbs,244,17.7831,12,-54192
res_gibbs,245,18.5429,11,-54027.3
res_gibbs,246,18.4481,11,-54028.6
res_gibbs,247,16.7189,11,-54160
res_gibbs,248,16.7144,12,-54101.1
res_gibbs,249,17.8686,11,-53971.5
res_gibbs,250,17.6011,11,-53851.6
res_gibbs,251,17.5725,11,-53939.8
res_gibbs,252,18.3962,11,-54105.1
res_gibbs,253,17.3111,11,-53962.4
res_gibbs,254,18.3739,11,-54098.9
res_gibbs,255,18.1151,11,-54059.7
res_gibbs,256,17.421,11,-54119
res_gibbs,257,16.6885,11,-54049
res_gibbs,258,17.4633,12,-54016.6
res_gibbs,259,19.0035,13,-54026.8
res_gibbs,260,18.1197,11,-53950.5
res_gibbs,261,17.9453,11,-54033.4
res_gibbs,262,18.3918,13,-54053.5
res_gibbs,263,19.2246,13,-54188.5
res_gibbs,264,18.3988,12,-53833.7
res_gibbs,265,18.6842,12,-53753.2
res_gibbs,266,17.2146,11,-53764.6
res_gibbs,267,16.5844,11,-53811.9
res_gibbs,268,18.3661,12,-53975.9
res_gibbs,269,17.7876,11,-54009.1
res_gibbs,270,16.7278,11,-54030.6
res_gibbs,271,17.3525,12,-53838.3
res_gibbs,272,17.9099,12,-54161
res_gibbs,273,18.1031,11,-54143.6
res_gibbs,274,16.711,10,-53977.3
res_gibbs,275,16.3447,10,-53876.2
res_gibbs,276,16.23,11,-53860
res_gibbs,277,16.438,10,-53850.1
res_gibbs,278,16.3323,10,-53928.8
res_gibbs,279,16.0379,11,-53946.5
res_gibbs,280,16.5708,11,-53953.7
res_gibbs,281,16.949,11,-54013.4
res_gibbs,282,16.5187,11,-53974.5
res_gibbs,283,16.3056,10,-54121.6
res_gibbs,284,17.1512,11,-54130.1
res_gibbs,285,16.4196,11,-54080.7
res_gibbs,286,17.3063,12,-54044.9
res_gibbs,287,16.9853,10,-54057.7
res_gibbs,288,16.1069,11,-54046.6
res_gibbs,289,16.4452,10,-54036.1
res_gibbs,290,16.8218,11,-54068.5
res_gibbs,291,16.5889,10,-54070.3
res_gibbs,292,16.806,10,-54048.8
res_gibbs,293,16.958,11,-53911.9
res_gibbs,294,17.3383,11,-53955.1
res_gibbs,295,16.1767,12,-53677.5
res_gibbs,296,18.2321,14,-53787.3
res_gibbs,297,19.3106,12,-53861.5
res_gibbs,298,18.1306,12,-53868.4
res_gibbs,299,18.3202,11,-53883.5
res_gibbs,300,18.7648,12,-53980.9
res_gibbs,301,18.7247,12,-53974.9
res_gibbs,302,18.0483,11,-53871.9
res_gibbs,303,18.5005,10,-53947.8
res_gibbs,304,16.9931,10,-53938.1
res_gibbs,305,18.4124,12,-53880.1
res_gibbs,306,18.7349,12,-53907.1
res_gibbs,307,17.6896,11,-53911.6
res_gibbs,308,18.0689,10,-54026.1
res_gibbs,309,16.7934,11,-54146.6
res_gibbs,310,18.1274,10,-54018.8
seq_alloc,1,22.4386,16,-66215.6
seq_alloc,2,26.9342,14,-64512.4
seq_alloc,3,26.2907,14,-62524
seq_alloc,4,26.1822,14,-60337.6
seq_alloc,5,25.2105,14,-58490.6
seq_alloc,6,26.3232,15,-57293
seq_alloc,7,28.8506,15,-56509.3
seq_alloc,8,27.7042,15,-55897.6
seq_alloc,9,28.2261,14,-55714.7
seq_alloc,10,29.4981,16,-55446
seq_alloc,11,27.5761,14,-55341
seq_alloc,12,25.6443,16,-55181
seq_alloc,13,27.9845,14,-55061.2
seq_alloc,14,25.5977,14,-54774
seq_alloc,15,26.4231,14,-54463.8
seq_alloc,16,27.8014,15,-54501.5
seq_alloc,17,26.1897,15,-54494.7
seq_alloc,18,30.0077,16,-54472
seq_alloc,19,35.37,16,-54395.5
seq_alloc,20,33.2519,15,-54277
seq_alloc,21,28.1275,17,-54249.8
seq_alloc,22,28.112,16,-54270.6
seq_alloc,23,26.4038,16,-54192
seq_alloc,24,26.9102,16,-54208.1
seq_alloc,25,29.8052,17,-54137.6
seq_alloc,26,27.3478,14,-54199.5
seq_alloc,27,26.0865,14,-54334.8
seq_alloc,28,25.0008,14,-54445.3
seq_alloc,29,26.3042,14,-54515.2
seq_alloc,30,25.3923,15,-54556.5
seq_alloc,31,25.4582,14,-54658.5
seq_alloc,32,23.1824,13,-54430.5
seq_alloc,33,22.2627,13,-54392.7
seq_alloc,34,23.6134,13,-54244.8
seq_alloc,35,23.0437,13,-54390.5
seq_alloc,36,23.9461,13,-54420.5
seq_alloc,37,22.3749,13,-54466
seq_alloc,38,24.302,14,-54250.4
seq_alloc,39,22.5873,14,-54263.1
seq_alloc,40,18.82,13,-54127.7
seq_alloc,41,17.6486,12,-54083
seq_alloc,42,17.7216,12,-54166.6
seq_alloc,43,16.6503,13,-54251.4
seq_alloc,44,17.0531,12,-54302
seq_alloc,45,17.6043,14,-54279
seq_alloc,46,18.4109,12,-54096.9
seq_alloc,47,21.0113,12,-54064.4
seq_alloc,48,16.0927,12,-54019.6
seq_alloc,49,16.8413,12,-53999.3
seq_alloc,50,16.3763,12,-54014
seq_alloc,51,17.0984,12,-54025.1
seq_alloc,52,17.5118,12,-53938.3
seq_alloc,53,16.7502,12,-53943.8
seq_alloc,54,17.0531,11,-53848.6
seq_alloc,55,17.1179,11,-53907.9
seq_alloc,56,16.7869,11,-53703
seq_alloc,57,17.1644,11,-53810.1
seq_alloc,58,16.827,11,-53829.3
seq_alloc,59,16.9247,11,-53871.6
seq_alloc,60,17.2088,13,-53821.9
seq_alloc,61,17.5884,11,-53832.9
seq_alloc,62,16.9034,10,-53783.7
seq_alloc,63,15.7379,10,-53753
seq_alloc,64,18.6536,10,-53777
seq_alloc,65,15.8544,10,-53899.3
seq_alloc,66,15.3162,11,-54038.2
seq_alloc,67,17.0796,12,-53944.8
seq_alloc,68,17.229,10,-53812.5
seq_alloc,69,17.1108,11,-53812
seq_alloc,70,17.2136,12,-53953.8
seq_alloc,71,18.1106,13,-53896.8
seq_alloc,72,17.4945,11,-53961.5
seq_alloc,73,15.9087,12,-53824.8
seq_alloc,74,17.3327,13,-53906.3
seq_alloc,75,16.767,12,-54013.8
seq_alloc,76,17.3218,13,-54021.4
seq_alloc,77,17.2113,13,-53833.7
seq_alloc,78,16.7686,12,-53905.3
seq_alloc,79,16.8229,11,-53914.6
seq_alloc,80,17.376,11,-53781.3
seq_alloc,81,15.9752,13,-54091.6
seq_alloc,82,18.1233,12,-54049.3
seq_alloc,83,16.6078,11,-53925.2
seq_alloc,84,16.3228,11,-53917.5
seq_alloc,85,15.8486,10,-53863.5
seq_alloc,86,15.8502,12,-53673.5
seq_alloc,87,16.3536,13,-53919.7
seq_alloc,88,16.4498,10,-53893.6
seq_alloc,89,14.521,10,-53858.7
seq_alloc,90,15.5494,11,-53831
seq_alloc,91,15.2772,11,-53903.2
seq_alloc,92,15.0489,12,-53887.2
seq_alloc,93,15.4667,10,-53961.6
seq_alloc,94,15.4037,11,-53869.6
seq_alloc,95,15.0679,10,-53897
seq_alloc,96,15.5334,10,-53956.2
seq_alloc,97,14.9319,10,-53898.6
seq_alloc,98,15.2556,10,-53766.1
seq_alloc,99,15.7924,13,-53650.4
seq_alloc,100,16.0787,12,-53838.3
seq_alloc,101,16.1831,11,-54048.1
seq_alloc,102,14.8379,11,-54085
seq_alloc,103,15.6551,10,-53950.2
seq_alloc,104,14.2643,10,-53977.5
seq_alloc,105,15.1823,10,-53974.5
seq_alloc,106,14.6977,11,-53865
seq_alloc,107,15.8838,12,-53686.5
seq_alloc,108,14.858,11,-53740.3
seq_alloc,109,15.667,10,-53660.4
seq_alloc,110,15.9574,12,-53700.9
seq_alloc,111,15.3747,10,-53797.5
seq_alloc,112,15.0334,11,-53630.2
seq_alloc,113,15.3273,12,-53582.5
seq_alloc,114,15.1727,13,-53716.5
seq_alloc,115,15.9319,11,-53784.8
seq_alloc,116,15.4411,11,-53773.4
seq_alloc,117,15.4206,12,-53691
seq_alloc,118,15.4425,11,-53711.1
seq_alloc,119,16.0295,11,-53878.1
seq_alloc,120,15.1333,10,-53807.4
seq_alloc,121,15.0001,10,-53850.4
seq_alloc,122,14.237,10,-53891.7
seq_alloc,123,14.996,10,-53980.3
seq_alloc,124,14.6862,10,-53959
seq_alloc,125,16.1831,12,-53978.2
seq_alloc,126,15.178,12,-53976.4
seq_alloc,127,16.9291,14,-54105
seq_alloc,128,16.5475,14,-54012.4
seq_alloc,129,17.1805,12,-53882.9
seq_alloc,130,14.9075,13,-53828.6
seq_alloc,131,16.4789,12,-53856.4
seq_alloc,132,15.3957,11,-53884.3
seq_alloc,133,15.8575,12,-53853.3
seq_alloc,134,15.5668,12,-53803
seq_alloc,135,15.9269,11,-53999.9
seq_alloc,136,14.9282,12,-53992.4
seq_alloc,137,15.1192,11,-53906.3
seq_alloc,138,14.9775,11,-53980.3
seq_alloc,139,14.7441,11,-54002.8
seq_alloc,140,15.0439,11,-53949.1
seq_alloc,141,15.4941,12,-53873.8
seq_alloc,142,14.9676,11,-53710.9
seq_alloc,143,15.6966,12,-53762.1
seq_alloc,144,14.5555,13,-53958.4
seq_alloc,145,16.2232,13,-54220.9
seq_alloc,146,15.5233,11,-54020.1
seq_alloc,147,14.751,12,-53923.6
seq_alloc,148,16.59,14,-53952.1
seq_alloc,149,16.3942,13,-54138.8
seq_alloc,150,16.7885,14,-54168.5
seq_alloc,151,16.3055,12,-54007.7
seq_alloc,152,16.0997,12,-54020.2
seq_alloc,153,16.4292,13,-53905.2
seq_alloc,154,15.8024,13,-53915.5
seq_alloc,155,16.9585,13,-53969.2
seq_alloc,156,16.6054,12,-53965.5
seq_alloc,157,18.0087,13,-53946.3
seq_alloc,158,18.0018,12,-53865.1
seq_alloc,159,20.0518,12,-53972.6
seq_alloc,160,20.3017,11,-53888.2
seq_alloc,161,21.2926,11,-53815.7
seq_alloc,162,17.7815,11,-53840.1
seq_alloc,163,17.8777,12,-53929
seq_alloc,164,20.1289,12,-53950.5
seq_alloc,165,23.5815,13,-54047.5
seq_alloc,166,25.9731,12,-53948.2
seq_alloc,167,23.8349,13,-54047.2
seq_alloc,168,20.9766,11,-54063.4
seq_alloc,169,18.8714,12,-54048.2
seq_alloc,170,18.5588,12,-53785.9
seq_alloc,171,18.6468,13,-53698.8
seq_alloc,172,17.9651,11,-53934.8
seq_alloc,173,18.2468,13,-53984.8
seq_alloc,174,18.7326,13,-53951.5
seq_alloc,175,17.6615,11,-54107.4
seq_alloc,176,17.0674,10,-54052
seq_alloc,177,15.4699,11,-54195.7
seq_alloc,178,17.8774,12,-54129.6
seq_alloc,179,16.9091,12,-54047.6
seq_alloc,180,18.285,12,-54060.4
seq_alloc,181,16.9739,12,-54079.1
seq_alloc,182,18.2205,12,-54232.4
seq_alloc,183,18.2104,12,-54245.9
seq_alloc,184,18.1734,11,-54182.6
seq_alloc,185,16.9665,10,-54092
seq_alloc,186,17.408,11,-53911.3
seq_alloc,187,18.2881,13,-54153.1
seq_alloc,188,18.0008,11,-54020.4
seq_alloc,189,17.4621,12,-54168
seq_alloc,190,17.5874,12,-54250.4
seq_alloc,191,18.1828,12,-53986.6
seq_alloc,192,18.2879,14,-53968
seq_alloc,193,18.1191,13,-53855.8
seq_alloc,194,19.2018,12,-53876
seq_alloc,195,19.0704,10,-53794.2
seq_alloc,196,16.7106,10,-53670.1
seq_alloc,197,16.1419,10,-53770.6
seq_alloc,198,16.812,12,-53949
seq_alloc,199,18.3425,10,-54035.4
seq_alloc,200,16.153,10,-53910.8
seq_alloc,201,16.6463,10,-53939.8
seq_alloc,202,16.2068,11,-53927.4
seq_alloc,203,17.3643,10,-54020.3
seq_alloc,204,17.1545,10,-54017.1
seq_alloc,205,17.4028,11,-53917.3
seq_alloc,206,18.5674,10,-53861.2
seq_alloc,207,17.3662,10,-53953.5
seq_alloc,208,15.3548,11,-53993
seq_alloc,209,17.1533,11,-53836.7
seq_alloc,210,16.3405,11,-53820.9
seq_alloc,211,17.0437,13,-53843.5
seq_alloc,212,17.9854,12,-53718.7
seq_alloc,213,17.969,14,-53617.3
seq_alloc,214,17.3392,11,-53885
seq_alloc,215,16.3293,10,-53905.8
seq_alloc,216,14.7968,12,-53827.2
seq_alloc,217,17.7406,11,-53824.9
seq_alloc,218,17.8044,12,-54004.2
seq_alloc,219,17.7032,12,-54189.9
seq_alloc,220,17.3663,11,-54106.2
seq_alloc,221,18.2501,11,-54163.4
seq_alloc,222,17.4985,11,-53977.8
seq_alloc,223,17.5486,12,-54006.4
seq_alloc,224,17.7412,12,-53993
seq_alloc,225,16.8665,11,-53914.2
seq_alloc,226,18.0383,13,-53887.7
seq_alloc,227,17.4126,11,-54063.7
seq_alloc,228,17.2971,11,-54074.1
seq_alloc,229,16.3959,10,-54062.9
seq_alloc,230,16.6072,12,-54063
seq_alloc,231,16.7232,10,-54099.1
seq_alloc,232,16.4473,11,-53998.4
seq_alloc,233,15.8727,12,-53867.1
seq_alloc,234,18.1305,11,-53833.9
seq_alloc,235,14.8296,11,-54001.9
seq_alloc,236,15.9151,10,-53944.7
seq_alloc,237,14.4534,11,-53931.6
seq_alloc,238,14.9582,10,-53769.9
seq_alloc,239,15.6806,12,-53945.6
seq_alloc,240,15.9103,11,-53783.9
seq_alloc,241,15.7929,11,-53716.9
seq_alloc,242,14.608,11,-53723.7
seq_alloc,243,15.2843,10,-53653.8
seq_alloc,244,14.5283,12,-53579
seq_alloc,245,15.8814,12,-53649.4
seq_alloc,246,15.1033,11,-53729.4
seq_alloc,247,15.8176,13,-53721.2
seq_alloc,248,15.3077,12,-53800.2
seq_alloc,249,15.263,12,-53778
seq_alloc,250,15.9899,13,-53756
seq_alloc,251,15.4205,11,-53796.4
seq_alloc,252,15.2063,11,-53796.5
seq_alloc,253,14.6793,11,-53715
seq_alloc,254,16.128,11,-53697.8
seq_alloc,255,16.1144,11,-53597.4
seq_alloc,256,16.2795,11,-53711.2
seq_alloc,257,15.438,11,-53809.9
seq_alloc,258,16.378,12,-53832.1
seq_alloc,259,15.5205,12,-53616.3
seq_alloc,260,16.2032,11,-53721
seq_alloc,261,16.3874,13,-53809.7
seq_alloc,262,17.3374,14,-53815.8
seq_alloc,263,17.7242,12,-53907.5
seq_alloc,264,15.7732,11,-53834.6
seq_alloc,265,16.0572,11,-53811.8
seq_alloc,266,15.1968,11,-53763.6
seq_alloc,267,15.5604,12,-53924.2
seq_alloc,268,16.1819,12,-53888.8
seq_alloc,269,16.1579,11,-53818.2
seq_alloc,270,15.5755,12,-53827.8
seq_alloc,271,15.8801,11,-53848.8
seq_alloc,272,15.4689,11,-53656.9
seq_alloc,273,15.5691,12,-53700.6
seq_alloc,274,15.4712,11,-53622.4
seq_alloc,275,16.4519,11,-53761
seq_alloc,276,16.2877,10,-53843.1
seq_alloc,277,15.1119,10,-53932.6
seq_alloc,278,14.9321,10,-53931.6
seq_alloc,279,14.3527,10,-53891.1
seq_alloc,280,15.028,11,-54064
seq_alloc,281,14.5887,11,-54022.2
seq_alloc,282,16.5845,11,-54151.7
seq_alloc,283,16.4997,14,-54209.7
seq_alloc,284,17.5661,13,-54199.8
seq_alloc,285,16.1921,12,-54087.8
seq_alloc,286,15.6079,11,-54133.3
seq_alloc,287,16.315,11,-54147.4
seq_alloc,288,15.0931,10,-53972.7
seq_alloc,289,15.5721,10,-54081.9
seq_alloc,290,15.4741,12,-54110.3
seq_alloc,291,16.464,12,-54054.2
seq_alloc,292,16.7696,11,-54071.4
seq_alloc,293,16.167,11,-54145.1
seq_alloc,294,15.8936,13,-53996.1
seq_alloc,295,16.8963,14,-54041
seq_alloc,296,16.4657,12,-54076.9
seq_alloc,297,16.2711,12,-54019.6
seq_alloc,298,16.1303,12,-54149
seq_alloc,299,15.8897,10,-54019.3
seq_alloc,300,14.6558,10,-54185.4
seq_alloc,301,16.2946,15,-54054.9
seq_alloc,302,18.7825,15,-54066.9
seq_alloc,303,16.8736,12,-53985.4
seq_alloc,304,16.3748,11,-53798.8
seq_alloc,305,14.8193,10,-54027.9
seq_alloc,306,14.9565,10,-53895.1
seq_alloc,307,14.1588,10,-53948
seq_alloc,308,15.254,10,-53895.9
seq_alloc,309,15.6462,11,-54003.1
seq_alloc,310,15.862,12,-53915.1
seq_alloc,311,15.0016,12,-53958.8
seq_alloc,312,15.8179,10,-53881.1
seq_alloc,313,14.0658,10,-53821.5
seq_alloc,314,14.5209,11,-53889.8
seq_alloc,315,15.5589,12,-53901.5
seq_alloc,316,14.9407,11,-53826
seq_alloc,317,14.9226,11,-53878.6
seq_alloc,318,15.6396,12,-53938.7
seq_alloc,319,15.6141,13,-54007.9
seq_alloc,320,16.1107,12,-54150.1
seq_alloc,321,16.0869,12,-53833.9
seq_alloc,322,15.2069,11,-53963.8
seq_alloc,323,15.4904,13,-53711.5
seq_alloc,324,15.5098,12,-53750.3
seq_alloc,325,15.682,11,-53745
seq_alloc,326,15.2017,12,-53728.5
seq_alloc,327,14.8952,11,-53826.4
seq_alloc,328,15.1723,12,-53833.4
seq_alloc,329,14.9471,10,-53881.2
seq_alloc,330,14.9823,10,-54000.2
seq_alloc,331,14.5081,12,-53920.6
seq_alloc,332,15.0792,10,-54016
seq_alloc,333,14.6782,10,-54090.7
seq_alloc,334,14.5657,10,-53956.4
seq_alloc,335,14.8965,11,-54072.6
seq_alloc,336,15.0325,13,-53950.1
seq_alloc,337,16.3379,11,-53760
seq_alloc,338,14.6836,10,-53761.6
seq_alloc,339,14.8501,10,-53655.7
seq_alloc,340,14.2338,10,-53635.7
seq_alloc,341,14.9897,11,-53723.2
seq_alloc,342,16.5573,11,-53778.9
seq_alloc,343,15.8455,11,-53712.2
seq_alloc,344,16.5776,11,-53757.1
seq_alloc,345,15.7315,12,-53715.2
seq_alloc,346,17.1001,12,-53821.5
seq_alloc,347,16.4903,11,-53815.2
seq_alloc,348,15.4627,10,-53892.3
seq_alloc,349,16.93,14,-53778.9
seq_alloc,350,16.8989,11,-53812.5
seq_alloc,351,15.3861,12,-53797.6
seq_alloc,352,16.8859,12,-53846.7
seq_alloc,353,17.0288,12,-53724.2
seq_alloc,354,15.672,11,-53888.5
seq_alloc,355,16.2735,10,-53751
seq_alloc,356,16.1487,11,-53850.9
seq_alloc,357,13.6253,11,-53967.9
seq_alloc,358,13.0892,11,-53954.5
seq_alloc,359,12.9883,10,-53990.6
seq_alloc,360,12.9097,10,-53972
seq_alloc,361,12.5335,11,-54055.5
seq_alloc,362,13.9075,11,-54095.3
seq_alloc,363,13.366,10,-54225.7
seq_alloc,364,13.3149,10,-54153.8
seq_alloc,365,14.284,14,-54189.3
seq_alloc,366,14.9395,12,-54078.1
seq_alloc,367,13.3161,13,-53954.7
seq_alloc,368,14.3726,11,-53898.3
seq_alloc,369,13.2045,10,-53864.3
seq_alloc,370,13.3989,11,-53930.3
seq_alloc,371,12.7841,10,-53928.9
seq_alloc,372,13.4498,11,-53793.4
seq_alloc,373,12.7208,11,-53831.3
seq_alloc,374,13.4425,11,-54081.7
seq_alloc,375,14.045,14,-53972
seq_alloc,376,14.1489,11,-54002
seq_alloc,377,15.1342,12,-53867.7
seq_alloc,378,13.9486,12,-53607.6
seq_alloc,379,14.084,13,-53761.2
seq_alloc,380,13.637,12,-53842.4
seq_alloc,381,14.6191,13,-53825
seq_alloc,382,14.7864,13,-53812.8
seq_alloc,383,13.8145,11,-53979.8
seq_alloc,384,13.7202,11,-54056.3
seq_alloc,385,13.8488,12,-54060.3
seq_alloc,386,13.4045,10,-54013.3
seq_alloc,387,13.0541,10,-53820.7
seq_alloc,388,12.2635,10,-53961.7
seq_alloc,389,13.0807,10,-53907.1
seq_alloc,390,12.3757,10,-54037.2
seq_alloc,391,12.8554,10,-53947.3
seq_alloc,392,13.1076,12,-53999
seq_alloc,393,13.4347,10,-53905
seq_alloc,394,13.4203,11,-53962.1
seq_alloc,395,13.1666,10,-53945.4
seq_alloc,396,12.8666,10,-54046.9
seq_alloc,397,13.6244,11,-54005.7
seq_alloc,398,13.2123,10,-53801.3
seq_alloc,399,12.9649,10,-53986.7
seq_alloc,400,12.6224,12,-53914.4
seq_alloc,401,13.6382,12,-53947.7
seq_alloc,402,13.149,11,-53801.8
seq_alloc,403,13.4835,12,-54104.1
seq_alloc,404,13.5873,13,-54293.2
seq_alloc,405,14.2361,12,-54138.5
seq_alloc,406,13.5225,12,-54026.8
seq_alloc,407,13.4921,10,-54059.6
seq_alloc,408,13.1754,11,-54072.4
seq_alloc,409,12.9211,11,-53933
seq_alloc,410,13.4035,12,-53860.7
seq_alloc,411,13.0566,10,-53855.9
seq_alloc,412,13.3903,11,-53818.6
seq_alloc,413,13.6079,11,-53863.4
seq_alloc,414,13.5842,10,-53708.6
seq_alloc,415,13.501,11,-53829.7
seq_alloc,416,13.3719,11,-53938.4
seq_alloc,417,14.1346,11,-54076.3
seq_alloc,418,13.6294,12,-53943.4
seq_alloc,419,13.8724,13,-54048.8
seq_alloc,420,13.8195,12,-53949.9
seq_alloc,421,13.8817,11,-54042.4
seq_alloc,422,12.8529,10,-53903.6
seq_alloc,423,13.3765,12,-53922.1
seq_alloc,424,13.4125,11,-53926.2
seq_alloc,425,13.7356,11,-53676.2
seq_alloc,426,13.5586,12,-53769.8
seq_alloc,427,13.4369,11,-53810.1
seq_alloc,428,13.1908,11,-53793.7
seq_alloc,429,10.432,12,-53915
seq_alloc,430,11.4495,13,-54034.1
seq_alloc,431,11.5584,12,-54064
seq_alloc,432,10.8734,12,-54050.5
seq_alloc,433,11.3127,11,-53993.9
seq_alloc,434,10.1086,11,-54177.4
seq_alloc,435,10.1404,10,-54024.9
seq_alloc,436,9.53988,10,-54074.8
seq_alloc,437,9.57897,11,-54001.6
seq_alloc,438,9.8333,12,-54119.1
seq_alloc,439,10.2204,11,-53987.6
seq_alloc,440,9.75608,10,-54022.1
seq_alloc,441,10.6888,11,-54138.1
seq_alloc,442,10.0122,11,-54061
seq_alloc,443,9.83643,10,-53960.4
seq_alloc,444,9.46993,10,-54051
seq_alloc,445,9.13275,10,-53916.7
seq_alloc,446,10.1821,11,-53992.5
seq_alloc,447,10.2943,11,-53977.3
seq_alloc,448,10.4593,12,-54007.7
seq_alloc,449,9.80611,11,-54277.3
seq_alloc,450,10.0029,12,-54270.4
seq_alloc,451,10.8225,14,-54111.1
seq_alloc,452,12.0566,14,-54125.5
seq_alloc,453,11.3236,14,-53942.5
seq_alloc,454,10.784,12,-53866.5
seq_alloc,455,10.6988,12,-53863.3
seq_alloc,456,10.2838,13,-53893.2
seq_alloc,457,10.9459,13,-53920.8
seq_alloc,458,10.4043,11,-53848.2
seq_alloc,459,10.1117,12,-53699.8
seq_alloc,460,10.7802,13,-53695.6
seq_alloc,461,10.4415,13,-53892.3
seq_alloc,462,11.4408,15,-53958.6
seq_alloc,463,11.928,13,-53953
seq_alloc,464,11.0145,12,-53928.9
seq_alloc,465,10.4127,12,-53912.9
seq_alloc,466,10.3766,13,-53952.7
seq_alloc,467,10.11,14,-53788
seq_alloc,468,11.2353,13,-53629.8
seq_alloc,469,11.5338,16,-53910.1
seq_alloc,470,11.7322,14,-53935.4
seq_alloc,471,12.0952,13,-54078.2
seq_alloc,472,11.5432,12,-54056.3
seq_alloc,473,11.2083,11,-54010
seq_alloc,474,11.1805,11,-54056
seq_alloc,475,10.7649,11,-54055.7
seq_alloc,476,11.2327,12,-53999.8
seq_alloc,477,11.3484,12,-53904.1
seq_alloc,478,10.872,11,-53863.9
seq_alloc,479,11.0457,12,-53842.3
seq_alloc,480,11.5331,12,-53666.1
seq_alloc,481,11.6324,13,-53699.1
seq_alloc,482,11.3986,13,-53829.7
seq_alloc,483,10.7179,12,-53840.4
seq_alloc,484,10.1559,12,-53878.2
seq_alloc,485,10.243,14,-53918.6
seq_alloc,486,10.5435,12,-53906.2
seq_alloc,487,10.2332,12,-53930.5
seq_alloc,488,10.7457,14,-54052.1
seq_alloc,489,10.4271,11,-54031.7
seq_alloc,490,9.86208,12,-53972.5
seq_alloc,491,9.82244,11,-54060
seq_alloc,492,9.9018,11,-54164.1
seq_alloc,493,9.59763,11,-54197.1
seq_alloc,494,9.97654,13,-54050.4
seq_alloc,495,10.5157,12,-53985.5
seq_alloc,496,9.80883,11,-54033
seq_alloc,497,10.0004,11,-53979.8
seq_alloc,498,9.45979,11,-54037.6
seq_alloc,499,10.1604,12,-53958.8
seq_alloc,500,9.73677,12,-53781.6
